"rank","domain","desc"
"1","baidu.com","网站简介：百度，全球最大的中文搜索引擎、最大的中文网站。2000年1月创立于北京中关村。"
"2","qq.com","网站简介：腾讯网(www.QQ.com)是中国浏览量最大的中文门户网站，是腾讯公司推出的集新闻信息、互动社区、娱乐产品和基础服务为一体的大型综合门户网站。腾讯网服务于全球华人用户，致力成为最具传播力和互动性，权威、主流、时尚的互联网媒体平台。"
"3","taobao.com","网站简介：淘宝网-亚洲最大、最安全的网上交易平台，提供各类服饰、美容、家居、数码、话费/点卡充值…8亿优质特价商品，同时提供担保交易(先收货后付款)、先行赔付、假一赔三、七天无理由退换货、数码免费维修等安全交易保障服务，让你全面安心享受网上购物乐趣！"
"4","sohu.com","网站简介：搜狐(sohu.com)是中国领先的中文门户网站之一，搜狐网为用户提供24小时不间断的最新资讯，及搜索、邮件等网络服务。内容包括全球热点事件、突发新闻、时事评论、热播影视剧、体育赛事、行业动态、生活服务信息，以及论坛、博客、微博、我的搜狐等互动空间。"
"5","hao123.com","网站简介：hao123---百度（baidu.com）旗下网站，创建于1999年5月，是中国最早的上网导航站点，经过10余年的发展，已成为亿万用户上网的第一站、中文上网导航的第一品牌。"
"6","360.cn","网站简介：中国最大的免费安全平台。提供360安全卫士、360免费杀毒软件、360木马查杀工具、360安全浏览器、360保险箱及各种其他免费杀毒软件。360安全卫士拥有查杀木马、清理恶评插件、免费杀毒、修复系统漏洞、管理应用软件和系统急救等功能。"
"7","sina.com.cn","网站简介：新浪网为全球用户24小时提供全面及时的中文资讯，内容覆盖国内外突发新闻事件、体坛赛事、娱乐时尚、产业资讯、实用信息等，设有新闻、体育、娱乐、财经、科技、房产、汽车等30多个内容频道，同时开设博客、视频、论坛等自由互动交流空间。"
"8","weibo.com","网站简介：新浪微博是全中国最主流，最具人气，当前最火爆的微博产品。用一句话随意记录生活，用手机随时随地发微博，迅速获取最热最火最快最酷最新的资讯。"
"9","tmall.com","网站简介：天猫，亚洲最大网上购物网站——淘宝网打造的在线B2C购物平台。（B2C是BusinesstoCustomer的缩写）自2008年4月10日建立淘宝商城以来，众多品牌包括Kappa、levis、esprit、JackJones、乐扣乐扣、苏泊尔、联想、惠普、迪士尼、优衣库等在淘宝商城开设的官方旗舰店，受到了消费者的热烈欢迎。"
"10","google.com","网站简介：Google目前被公认为全球最大的搜索引擎，也是互联网上5大最受欢迎的网站之一，在全球范围内拥有无数的用户。Google允许以多种语言进行搜索，在操作界面中提供多达30余种语言选择。Google创建于1998年9月，创始人为LarryPage和SergeyBrin，他们开发的搜索引擎屡获殊荣，是一个用来在互联网上搜索信息的简单快捷的工具。Google取自数学术语googol，意思是一个1后面有100个0。"
"11","soso.com","网站简介：搜搜是腾讯旗下的搜索网站，是腾讯主要的业务单元之一。网站于2006年3月正式发布并开始运营。搜搜目前已成为中国网民首选的三大搜索引擎之一，主要为网民提供实用便捷的搜索服务，同时承担腾讯全部搜索业务，是腾讯整体在线生活战略中重要的组成部分之一。"
"12","gmw.cn","网站简介：光明网是中国的中央重点新闻网站，由光明日报社主办。通过在互联网、移动终端、培训平台、搜索、视频等领域的拓展，已成为思想理论文化领域具有强大影响力的网站。"
"13","youtube.com","网站简介：Youtube:视频官方网站是全球著名的视频网站，可供网民上载观看及分享短片，至今它已成为同类型网站的翘楚，并造就多位网上名人和激发网上创作，已经成为了世界上访问量最大的视频播客类网站。"
"14","cnzz.com","网站简介：CNZZ网站流量统计以互联网数据业务为主要方向，致力于为广大站长提供最为稳定、安全、先进、可靠的专业流量统计系统与数据服务"
"15","youku.com","网站简介：优酷网（www.youku.com）是中国第一视频网站。优酷网立足为全球华人提供最快速的视频播放、最快速的视频发布、最快速的视频搜索服务。"
"16","xinhuanet.com","网站简介：新华网，由中华人民共和国官方通讯社新华社主办，为中国最重要的官方网站之一。依托新华社覆盖全球的新闻信息采集网络，记者遍布世界100多个国家和地区，地方频道分布全国31个省市自治区，每日以中（简、繁体）、英语、法语、西语、俄语、阿拉伯语、日语、藏语八种语言，全天候不间断发布全球新闻，独家报道世界各地热点消息，第一时间追踪突发事件，深度分析评论焦点话题，以图片、文字、视频等多元化方式提供权威、准确、即时的原创新闻信息。受众覆盖200多个国家和地区，为海内外广大网民所瞩目和喜爱，是全球各商业网站和媒体重要的信息"
"17","google.com.hk","网站简介：谷歌搜索在中国香港的官方网站。"
"18","tianya.cn","网站简介：天涯社区作为中文网络社区之王，它的感性、丰富性和社会议题设置能力令人惊叹。这里自发生成了最多的草根明星、最具时代气息的天涯剧和最直率的话语场，令其成为传统媒体倚重的新闻源"
"19","people.com.cn","网站简介：人民日报网站，包括新闻报道和可检索的目录，新闻评论和专题栏目。"
"20","360.com","网站简介：奇虎360科技有限公司（美国纽约证券交易所NYSE:QIHU，以下简称360）是中国领先的互联网和手机安全产品及服务供应商。据第三方统计，按照用户数量计算，360是中国前三大互联网公司之一。"
"21","haosou.com","网站简介：前身为奇虎360创办的360搜索，现已独立品牌化为好搜，主要提供网页、音乐、图片、新闻搜索等，同时有百科和医务服务"
"22","so.com","网站简介：好搜是奇虎360公司推出的独立搜索品牌，致力于为您提供更精准、更快捷、更安全的搜索服务。用好搜，特顺手。"
"23","youth.cn","网站简介：中国青年网（www.youth.cn),1999年5月4日正式开通，共青团中央主办的中央重点新闻网站、团中央官方网站，是国内最大的青年主流网站。中国青年网竭诚服务青年的文化、心理、情感和创业需求，是共青团运用网络文化元素吸引青年的新载体和引导青年的新途径，为团组织通过新媒体融入青年提供有力支撑。中国青年网拥有400余个子网站，2000多个栏目，用文字、图片、动漫、音视频、论坛、博客、微博、手机、网上直播等多种手段，依托共青团中央丰富的资源，每天向全球网民发布丰富多彩的信息，内容包括政治、经济、社会、文化"
"24","china.com.cn","网站简介：中国网是国务院新闻办领导，中国外文出版发行事业局（中国国际出版集团）管理的国家重点新闻网站。中国网坚持以新闻为前导，以国情为基础，以融合各地通讯、即时专题、网上服务、媒体"
"25","zhihu.com","网站简介：网络问答社区，用于寻找答案，分享知识。"
"26","cctv.com","网站简介：中央电视台的官方网站，提供节目预告、在线电视收看、最新电视节目介绍及讨论。"
"27","tudou.com","网站简介：土豆网是你会喜欢的个人视频网站，免费无限空间，上传你的视频，观看和搜索海量视频节目，收藏你喜欢的视频，订阅你关注的播客，简单方便地分享给你的朋友们。土豆热爱原创，每个人都是生活的导演，戴上土豆面具，每个人都是明星。"
"28","bing.com","网站简介：微软必应（英文名：Bing）是微软公司于2009年5月28日推出，用以取代LiveSearch的全新搜索引擎服务。"
"29","alipay.com","网站简介：支付宝，全球领先的独立第三方支付平台，致力于为广大用户提供安全快速的电子支付/网上支付/安全支付/手机支付体验，及转账收款/水电煤缴费/信用卡还款/AA收款等生活服务应用。"
"30","wikipedia.org","网站简介：维基百科是一个基于维基技术的全球性多语言百科全书协作计划，同时也是一部用成的网络百科全书，其目标及宗旨是为全人类提供自由的百科全书──用他们所选择的语言来书写而成的，是一个动态的、可自由访问（绝大多数国家，但使用安全连接则也行）和编辑的全球知识体。并且在许多国家相当普及。"
"31","google.co.jp","网站简介：全球著名搜索引擎Google在日本设立的分站。日文版谷歌首页加上谷歌其他产品和服务的链接，搜索框也提供了关键词提示功能。谷歌采取了一些专门针对日本市场的举措，例如允许日本最大社交网站Mixi的用户在其博客中使用谷歌地图，与日本最受欢迎的社会化书签服务提供商Hatena合作，以及推出了一个致力于防止全球变暖的“OneGreenProject”网站等。"
"32","china.com","网站简介：中国国家重点新闻网站，拥有十个语种独立新闻采编、报道和发布权；第一时间报道国家重大新闻事件；国情信息库服务全球读者了解中国；国务院新闻办公室发布会独家网络直播发布网站；拥有国内外顶级学者专家资源，独家编发各种相关政策解读。"
"33","babytree.com","网站简介：中国最大的育儿网站社区，提供育儿博客、10G超大空间免费电子相册、在线交流育儿论坛等服务，为准备怀孕、怀孕期以及0-6岁的婴幼儿父母提供育儿知识与育儿问答等内容。"
"34","sogou.com","网站简介：全球首个中文网页收录量达到100亿的搜索引擎。同时提供新闻搜索、音乐搜索、购物搜索，地图搜索等专项搜索服务，为网民提供方便快捷的信息获取方式。"
"35","bilibili.com","网站简介：bilibili是中国知名的视频弹幕网站，这里有最及时的动漫新番，最棒的ACG氛围，最有创意的Up主。大家可以在这里找到许多欢乐。"
"36","huanqiu.com","网站简介：环球时报社主办的以国际资讯为主的新闻网站"
"37","detail.tmall.com","网站简介：雅居格家居旗舰店"
"38","csdn.net","网站简介：提供业界新闻，技术文章，讨论社区和软件下载；出版《程序员》杂志。"
"39","mama.cn","网站简介：妈妈网是中国城市女性家庭生活消费权威媒体;是最具人气的备孕,怀孕,早教,育儿互助互动社区;是时尚,美食,美容,美体,护肤,服饰,奢侈品信息汇聚的媒体平台;是集购物,分享,团购,试用于一身的消费引导型媒体平台。"
"40","zol.com.cn","网站简介：中关村在线是大中华区最具商业价值的IT专业网站，始终致力于销售促进型IT专业媒体的建设。ZOL成立于1999年3月，其客户群主要来自中小企业用户、个人购买者和大量IT行业及相关行业的厂商、经销商。销商。"
"41","51.la","网站简介：我要啦（51.La）提供专业、强健、精确、免费的网站流量及相关数据统计服务。"
"42","163.com","网站简介：网易是中国领先的互联网技术公司，为用户提供免费邮箱、游戏、搜索引擎服务，开设新闻、娱乐、体育等30多个内容频道，及博客、视频、论坛等互动交流，网聚人的力量。"
"43","google.cn","网站简介：谷歌中国网站，是谷歌在中国设立的分站。"
"44","xywy.com","网站简介：寻医问药网，是提供医生，患者，相互交流的平台，也是中国唯一为寻医患者搭建在线咨询的医疗网站，更是目前国内人气最旺、规模最大、最权威的寻医问药网站"
"45","douyu.com","网站简介："
"46","yahoo.com","网站简介：雅虎（Yahoo!，NASDAQ：YHOO）是美国著名的互联网门户网站，也是20世纪末互联网奇迹的创造者之一。其服务包括搜索引擎、电邮、新闻等，业务遍及24个国家和地区，为全球超过5亿的独立用户提供多元化的网络服务。同时也是一家全球性的因特网通讯、商贸及媒体公司。"
"47","bitauto.com","网站简介：要买车上易车汽车导购第一站"
"48","douban.com","网站简介：豆瓣提供图书、电影、音乐唱片的推荐、评论和价格比较，以及城市独特的文化生活。"
"49","caijing.com.cn","网站简介：《财经网》由《财经》采编团队向希望一览海内外重大财经新闻的读者提供全方位的原创新闻与分析文章，24小时×365天向希望寻求真相的读者提供可信赖的信息源，以客观、专业的视角提供精心策划的热点新闻专题和周末特刊。"
"50","39.net","网站简介：提供各种疾病诊疗信息、医药新闻资讯、健康保健以及医学知识普及、医学专家咨询方面的健康信息服务。"
"51","amazon.com","网站简介：亚马逊公司(Amazon.com，简称亚马逊，NASDAQ:AMZN)，是美国最大的一家网络电子商务公司，位于华盛顿州的西雅图。是网络上最早开始经营电子商务的公司之一，亚马逊成立于1995年，一开始只经营网络的书籍销售业务，现在则扩及了范围相当广的其他产品，包括了DVD、音乐光碟、电脑、软件、电视游戏、电子产品、衣服、家具等。"
"52","yesky.com","网站简介：天极网是中国首家IT消费门户，主要影响高端时尚白领人群、行业意见领袖，以及政务采购人群。提供IT资讯产品及方案服务的互联网平台，以用户体验及应用为核心，强调技术驱动力，全员贯彻用户为中心的营销理念。用户群涵盖消费者个人、厂商及渠道用户，提供各类IT资讯、整合营销及消费服务方案产品。1）4家直属办事处+16个家分站覆盖全国百余个城市，直接影响500万以上IT渠道从业者。2）精准覆盖450所大学，覆盖全国近1500万高等院校学生群体。3）覆盖全国16个主要城市的近100个卖场，每日高达100万以上的客流"
"53","iqiyi.com","网站简介：爱奇艺（iQIYI.COM），原名奇艺，中国第一影视门户。2010年4月22日，奇艺正式上线，2011年11月26日，奇艺正式宣布品牌升级，启动“爱奇艺”品牌并推出全新标志。作为国内领先的网络视频播放平台，爱奇艺由全球最大的中文搜索引擎——百度创立，是国内首家专注于提供免费、高清网络视频服务的大型专业网站。"
"54","1905.com","网站简介：国家新闻出版广电总局直属媒体-1905电影网（电影频道官方网站），涵盖最新电影、好看的电影、经典电影、电影推荐、免费电影、高清电影在线观看及海量最新电影图文视频资讯，看电影就上电影网1905.com。"
"55","jd.com","网站简介：京东商城是中国最大的综合网络零售商，是中国电子商务领域最受消费者欢迎和最具有影响力的电子商务网站之一，在线销售家电、数码通讯、电脑、家居百货、服装服饰、母婴、图书、食品、在线旅游等12大类数万个品牌百万种优质商品。2012年第一季度，京东商城以50.1%的市场占有率在中国自主经营式B2C网站中排名第一"
"56","51yes.com","网站简介：51YES.COM是一家从事互联网产品开发的专业公司，我们的“51Yes网站流量统计－智能版本V2.5”经过2年多的改进和完善，为中国的站长免费提供了高质量的统计服务。我们的统计服务中不会弹出任何的插件或者广告，同时我们会持续的改进这套统计系统，把免费服务提供到底。"
"57","cnnic.cn","网站简介：中国域名注册管理机构，负责运行和管理国家顶级域名.CN及相关中文域名。"
"58","cnblogs.com","网站简介：开发者的网上家园"
"59","amazon.cn","网站简介：亚马逊中国，原名卓越亚马逊，是一家B2C电子商务网站，前身为卓越网，2004年8月19日亚马逊公司宣布以7500万美元收购雷军和陈年创办的卓越网，将卓越网收归为亚马逊中国全资子公司。2007年将其中国子公司改名为卓越亚马逊。2011年10月27日亚马逊正式宣布将他在中国的子公司“卓越亚马逊”改名为“亚马逊中国”，"
"60","chinadaily.com.cn","网站简介：中国日报网站，国家六大重点媒体网站之一，是集新闻信息、娱乐服务为一体的综合性新闻媒体网站。日访问量5200万人次，服务于国内外主流中高端读者群，备受海内外各领域高层次读者青睐，是沟通中国与世界的网上桥梁。2006年改版之后，中国日报网站包括“中国英文门户网”、“环球在线中文网”、“英语点津双语网..."
"61","enet.com.cn","网站简介：提供IT产品资料、技术报道、使用经验及选购指南。"
"62","1688.com","网站简介：提供各国与中国各种商贸信息在线交流。"
"63","apple.com","网站简介：Apple:苹果官方网站总部位于美国加利福尼亚的库比提诺，核心业务是电子科技产品，目前全球電腦市場佔有率為7.96%。"
"64","alibaba.com","网站简介：阿里巴巴网络技术有限公司（简称：阿里巴巴集团）是以曾担任英语教师的马云为首的18人，于1999年在中国杭州创立，他们相信互联网能够创造公平的竞争环境，让小企业通过创新与科技扩展业务，并在参与国内或全球市场竞争时处于更有利的位置。"
"65","oeeee.com","网站简介：奥一网是广东首席城市生活社区，是南都报系数字化转型平台和南方都市报官方网站。为用户提供新闻、本地资讯、互动、图片、视频等数字化产品。"
"66","facebook.com","网站简介：Facebook是美国的一个社交网络服务网站，于2004年2月4日上线。主要创始人为美国人马克·扎克伯格。Facebook是世界排名领先的照片分享站点，截至2013年11月每天上传约3.5亿张照片。截至2012年5月，Facebook拥有约9亿用户。"
"67","microsoft.com","网站简介：Microsoft–官方网站，微软，是一家总部位于美国的跨国科技公司，是世界PC（PersonalComputer，个人计算机）机软件开发的先导，由比尔·盖茨与保罗·艾伦创办于1975年，公司总部设立在华盛顿州的雷德蒙德市（Redmond，邻近西雅图）。以研发、制造、授权和提供广泛的电脑软件服务业务为主。"
"68","github.com","网站简介：GitHub可以托管各种git库，并提供一个web界面，但与其它像SourceForge或GoogleCode这样的服务不同，GitHub的独特卖点在于从另外一个项目进行分支的简易性。为一个项目贡献代码非常简单:首先点击项目站点的“fork”的按钮，然后将代码检出并将修改加入到刚才分出的代码库中，最后通过内建的“pullrequest”机制向项目负责人申请代码合并。"
"69","ci123.com","网站简介：最大的中文母婴网络媒体，覆盖怀孕前，孕期和0-6岁家庭。"
"70","baike.com","网站简介：一部人人都能参与编写的、基于维客(wiki)的网络大百科全书，中文百科社区。"
"71","eastday.com","网站简介：综合性服务类网站，包括新闻，财经，体育，娱乐，健康，军事，旅游专题。"
"72","watsons.tmall.com","网站简介：屈臣氏天猫旗舰店"
"73","live.com","网站简介：Live网络，包含了微软的MSN，Space，邮箱，由微软MSN推出的网页和图片搜索服务。"
"74","17ok.com","网站简介：财界网（www.17ok.com）中国知名财经网站。提供股票、财经报道、证券、基金、保险、债券、投资论坛、股票行情、个股资讯动态、金融理财等内容。"
"75","chaoshi.tmall.com","网站简介：天猫超市"
"76","adidas.tmall.com","网站简介：阿迪达斯天猫旗舰店"
"77","youdao.com","网站简介：作为网易自主研发的全新中文搜索引擎，有道搜索致力于为互联网用户提供更快更好的中文搜索服务。目前有道搜索已推出的产品包括网页搜索、图片搜索、购物搜索、音乐搜索、视频搜索、博客搜索、地图搜索、海量词典、桌面词典、工具栏和有道阅读、有道热闻等。"
"78","rednet.cn","网站简介：红网，中国地方新闻网站第一品牌。是湖南省委、省政府重点新闻网站和综合网站，成立于2001年，八年来以“打造以湖南新闻门户网为旗帜的综合网络服务平台”为目标，围绕党委和政府中心工作，发挥网络优势，创造性地开展新闻宣传和经营工作，走出了一条符合重点新闻网站发展的新路子，成为在国内重点新闻网站中唯一一个率先并连续六年实现赢利的新闻网站，成为在全国以及海外颇具影响的中国知名网站。红网目前提供新闻资讯发布、视频直播、论坛博客、湖南手机报、框架传媒、英文频道、无线增值业务、舆情监控等多种服务，全省各市州部分县市区建有"
"79","vk.com","网站简介：俄罗斯最大的社交网站."
"80","instagram.com","网站简介：Instagram:手机图片抓拍分享应用是一款运行在手机平台上的应用程序，以一种快速、美妙和有趣的方式将你的随时抓拍下的图片分享彼此。"
"81","stackoverflow.com","网站简介：StackOverflow:面向编程人员问答网是全球IT界最受欢迎的技术问答网站之一，它将一个乏味无趣的技术类问答网站办得如同网游一样令人着迷。"
"82","aliyun.com","网站简介：阿里云，数据分享第一平台，云计算第一平台，云产品解决方案，享多线独享带宽，开发者合作平台，站长云集平台."
"83","chinaz.com","网站简介：站长之家(中国站长站)为个人站长与企业网络提供全面的站长资讯、最新最全的源代码程序下载、海量建站素材、强大的搜索优化辅助工具、网络产品设计与运营理念以及一站式网络解决方案，十年来我们一直致力为中文网站提供动力。"
"84","sq.cn","网站简介：社区即时通"
"85","jrj.com.cn","网站简介：包括财经、理财、证券、行情、股票、基金、债券、保险、外汇、银行、期货、信托及各种理财资讯和理财产品."
"86","huaban.com","网站简介：花瓣帮你收集、发现网络上你喜欢的事物。极易上手，玩味无限。你可以通过它来收集灵感，保存有用的素材，计划旅行，或是晒晒想要的东西，充分展现你的个性。用你喜欢的方式给采集的图片分类。需要时，通过这些图片，你可以链接回到原来的网页。更棒的是，你还可以浏览别人收集的有趣内容，发现新知，得到启发，结识志趣相投的朋友。"
"87","ifeng.com","网站简介：凤凰网是中国领先的综合门户网站，提供含文图音视频的全方位综合新闻资讯、深度访谈、观点评论、财经产品、互动应用、分享社区等服务，同时与凤凰无线、凤凰宽频形成三屏联动，为全球主流华人提供互联网、无线通信、电视网三网融合无缝衔接的新媒体优质体验。"
"88","51sole.com","网站简介：搜了网是专业的垂直商业搜索引擎与系统化网络营销平台,为中小企业提供优质的网络服务。"
"89","yandex.ru","网站简介：Yandex是俄罗斯重要网络服务门户之一。据Gallup传媒，ФОМ和Комкон调查公司资料，Yandex是俄罗斯网络拥有用户最多的网站。2006年初每天访问Yandex的人数（包括外国访问者）达到四百万。Yandex目前所提供的服务包括搜索、最新新闻、地图和百科、电子信箱、电子商务、互联网广告及其他服务。Yandex在俄罗斯本地搜索引擎的市场份额已远超俄罗斯Google。"
"90","kdnet.net","网站简介：凯迪网络(kdnet.net)2000年4月13日以cat898.com的域名上线，2009年8月转至由2002年08月24日注册的现在这个域名kdnet.net。凯迪网络建站于1999年，2000年4月正式发布运行。这是一家以社区、博客、微评为主要平台，发布时政评论、财经评论、文化评论、生活评论兼具社会、文艺、科技、体育、娱乐、情感等综合信息发布的互动媒体。南方报业传媒集团旗下的凯迪网络，目前已发展成最具影响力、传播力、最大密度的华文网络社区之一。凯迪“猫眼看人”版块连续五年荣获国内最热门论坛版块排名"
"91","linkedin.com","网站简介：LinkedIn是一个商务社交的网络与平台。于二零零三年建立，现在在全世界已拥有两千五百万用户。什么样的职业人才都可以来LinkedIn，建立自己的帐户，把简历放在自己的主页上。并且，用户们可以通过搜寻与邀请和自己的同事朋友建立关系。"
"92","suning.com","网站简介：苏宁易购(Suning.com)是苏宁云商旗下的B2C网站。是中国最受消费者欢迎和影响力的电器、3C、百货、图书、虚拟等商品的综合类电子商务网站之一。"
"93","acfun.tv","网站简介：acfun弹幕视频网（www.acfun.tv）是一个弹幕视频分享网站，提供各种动画，新番的在线观看。Acfun致力于让所有人了解吐槽文化，让人们在弹幕视频中领略到宅文化的魅力。"
"94","chinaso.com","网站简介：中国搜索信息科技股份有限公司由中央七大新闻媒体——人民日报、新华社、中央电视台、光明日报、经济日报、中国日报和中新社联手创办。中国搜索拥有良好的政府关系、广泛的社会关系、丰富的原创新闻信息资源和国家权威搜索的品质品牌，具有巨大的发展潜力。"
"95","voc.com.cn","网站简介：国家重点新闻网站，湖南新闻门户，中国门户网站品牌十强，湖南日报报业集团旗下的新媒体集团。目前已发展成为一个以互联网为核心，覆盖网络、杂志、报纸、手机、数字出版、户外新媒体的跨媒介、跨区域传播平台，成为一个融合不同业务形态和媒介形态的全媒体集团。作为一家卓越的互联网信息服务商，华声在线以“湖南味道，中华声音”为宗旨，向网民提供新闻、社区、搜索、电子商务、手机报、移动互联网、网络电视、财经资讯以及电信"
"96","youboy.com","网站简介：一呼百应.商人的搜索：全球最大专业B2B商贸搜索引擎：专业中小企业产品上下游供求信息搜索平台，收录全国2千多万家中小企业数据，1亿多条中小企业产品上下游产业链供求信息..."
"97","epwk.com","网站简介："
"98","cnmo.com","网站简介：CNMO(手机中国)成立于2006年9月，于2007年7月重组再上线。它是中国首家基于WEB2.0而建立起的手机网站，同时CNMO也是一家至力于推动中国通讯产业发展、加速中国手机应用、加速3G智能手机普及化的中国第一专业手机门户网站。"
"99","zhanqi.tv","网站简介：战旗TV游戏直播平台提供高清、流畅的视频直播和电子竞技游戏直播。包括三国杀直播、LOL英雄联盟直播、炉石传说直播、dota2直播等各类热门游戏赛事。战旗直播为您提供全新的游戏视觉与听觉体验。"
"100","k618.cn","网站简介：未来网（www.k618.cn）是党中央交付团中央建设的面向全国未成年人的专属网站，承担着为广大未成年人提供健康向上、生动活泼、寓教于乐的网络产品和服务的重要任务，是引导未成年人勤奋学习、快乐生活、全面发展，加强未成年人思想道德建设的网络主阵地。"
"101","list.tmall.com","网站简介："
"102","aliexpress.com","网站简介：全球速卖通（AliExpress）正式上线于2010年4月，是阿里巴巴旗下唯一面向全球市场打造的在线交易平台，被广大卖家称为“国际版淘宝”。全球速卖通面向海外买家，通过支付宝国际账户进行担保交易，并使用国际快递发货。是全球第三大英文在线购物网站。"
"103","58.com","网站简介：中文最大的生活信息网站。追求简单、有效、可信赖的体验，无不相关的修饰和多余的图片，赢得了亿万网民的口碑。"
"104","oschina.net","网站简介：开源中国www.oschina.net成立于2008年8月，是目前中国最大的开源技术社区。我们传播开源的理念，推广开源项目，为IT开发者提供了一个发现、使用、并交流开源技术的平台。目前开源中国社区已收录超过两万款开源软件。"
"105","stockstar.com","网站简介：证券之星（www.stockstar.com）始创于1996年，纳斯达克上市公司——中国金融在线（C.F.O.）旗下网站，中国互联网最早金融服务专业网站之一，是专业的投资理财服务平台，是中国著名的财经资讯网站与移动财经服务提供商之一，同时也是中国领先的互联网媒体。提供中国证券行情、财经新闻、股市动态、机构荐股等的证券综合类网站。"
"106","cqnews.net","网站简介：华龙网，中国重庆新闻门户网站。"
"107","jb51.net","网站简介：脚本收藏,提供更好的脚本资源,与热门的网络编程相关资源,提供大家一个更好的学习资料库."
"108","le.com","网站简介："
"109","52pk.com","网站简介：提供网页游戏资讯，评测，攻略和账号发放等服务。"
"110","toutiao.com","网站简介：今日头条是一款基于数据挖掘的推荐引擎产品，它为用户推荐有价值的、个性化的信息，提供连接人与信息的新型服务，是国内移动互联网领域成长最快的产品服务之一。"
"111","xunlei.com","网站简介：迅雷看看是中国第一高清影视视频门户，免费提供电影、电视剧、综艺、音乐MV、动漫、新片、大片的高清在线点播和下载，是中国最大最全的正版影视发行平台。"
"112","bbc.com","网站简介：英国广播公司BBC官方网站"
"113","google.com.tw","网站简介：谷歌台湾，提供網路、新聞、圖片等搜索服務。特色包括PageRank網頁排行榜、頁庫存檔、搜尋結果翻譯及類似網頁查尋。"
"114","twitter.com","网站简介：TwitTer:推特微社交是国外的一个社交网络及微博客服务的网站。它利用无线网络，有线网络，通信技术，进行即时通讯，是微博客的典型应用。"
"115","ebay.com","网站简介：eBay（EBAY，中文电子湾、亿贝、易贝）是一个管理可让全球民众上网买卖物品的线上拍卖及购物网站。ebay于1995年9月4日由PierreOmidyar以Auctionweb的名称创立于加利福尼亚州圣荷西。人们可以在ebay上通过网络出售商品。"
"116","tumblr.com","网站简介：Tumblr（中文名：汤博乐）成立于2007年，是目前全球最大的轻博客网站，也是轻博客网站的始祖。Tumblr（汤博乐）是一种介于传统博客和微博之间的全新媒体形态，既注重表达，又注重社交，而且注重个性化设置，成为当前最受年轻人欢迎的社交网站之一。雅虎公司董事会2013年5月19日决定，以11亿美元收购Tumblr。"
"117","mi.com","网站简介：小米官网，包含小米手机，小米电视、手环、移动电源、运动相机,小米路由器、空气净化器、体重秤、插线板等出售。"
"118","zhaopin.com","网站简介：智联招聘为求职者提供职位搜索,简历管理,职位定制,人才评测,培训信息等.为企业提供一站式专业人力资源服务,包括网络招聘,报纸招聘,校园招聘,猎头服务,招聘外包,企业培训以及人才测评等."
"119","360doc.com","网站简介：“360doc个人图书馆”是“北京六智信息技术股份有限公司”运营的免费个人与企业知识管理网站，用户注册后，即可在360doc上免费拥有自己的网上个人图书馆，进行网页文章收藏、管理、分享等操作。"
"120","qingdaonews.com","网站简介：山东最具知名度和影响力的门户网站，网站下设新闻、社区、微博及房产、汽车、财经、健康、消费、旅游、美食、教育、育儿、女性、婚嫁、商城等12大专业频道，其中青青岛社区为目前山东最大的地方论坛。"
"121","ly.com","网站简介：提供酒店、特价机票、景点门票、旅游度假、演出票务、租车预订服务。"
"122","jia.com","网站简介：齐家网是中国领先的装修、建材、家居领域电子商务网站。通过齐家网电子商务平台为国内建材、家居产品销售供应商和装修设计、装修施工管理服务供应商提供一整套的电子商务解决方案；通过互联网技术为网络家装消费用户提供优质低价的装修家居消费品和相关服务，帮助其实现轻松、放心的家居装修。"
"123","adobe.com","网站简介：Adobe创建于1982年，是世界领先数字媒体和在线营销方案的供应商。公司总部位于美国加利福尼亚州圣何塞，在世界各地员工人数约7000名"
"124","1111.tmall.com","网站简介：天猫双十一活动专题。"
"125","familydoctor.com.cn","网站简介：家庭医生在线，国内唯一一家拥有知名传媒品牌；拥有以钟南山等９位院士为首的90余位医学权威组成的专家顾问团；拥有由300余位一线临床专家组成的医学委员会；同时拥有知名大学及其附属医院等医疗资源的健康门户网站。侯金林、翁建平等三甲医院权威专家应邀分别出任肝病、糖尿病等7个重点频道的主编，每天向网民提供大量权威的健康信息和各种个性化的健康服务。主域名：www.familydoctor.com.cn联系电话：020-37617988。"
"126","guancha.cn","网站简介：观察者网，致力于荟萃中外思想者精华，鼓励青年学人探索，建中西文化交流平台，为崛起中的精英提供决策参考。"
"127","hupu.com","网站简介：虎扑体育网成立于2003年，是目前中国最专业的全体育网站，专注于篮球、足球、网球、F1等各类体育赛事的报道和数据分析，拥有数千万的活跃用户，举办各类球迷线下赛事互动，为体育迷提供最专业，最广阔的互动交流平台。虎扑体育致力于打造“你的体育全世界”！"
"128","chekb.com","网站简介：汽车口碑网是专业的汽车口碑、汽车点评、汽车团购网站，为广大用户提供最新最即时的汽车口碑、行情导购、报价、评测、团购、经销商大全等信息。"
"129","github.io","网站简介：aTom.io:免费开源开发者编辑器工具是有Github团队开发的一套在线文本编辑器，集成了众多的插件，让作为开发者的你方便、高效的完成开发项目，支持Win7、Win8、OSX10.8、Linux。"
"130","msn.com","网站简介：MSN，全称MicrosoftServiceNetwork，是微软公司（Microsoft）旗下的门户网站。"
"131","jianshu.com","网站简介："
"132","workercn.cn","网站简介：中工网（www.workercn.cn）全称中国工会网，向全球24小时提供全面及时的中文资讯，内容覆盖国内外突发新闻事件、工会工作、实用信息等，设有新闻、工会、维权、房产、汽车等40多个内容频道，同时开设博客、播客、视频、论坛等自由互动交流空间。"
"133","caixin.com","网站简介：财新网定位于原创财经新媒体，有机整合资讯、观点、多媒体、互动等信息时代形态丰富的资讯产品，以客观、专业的视角，7天24小时输出高品质的原创内容，为中国政界、金融界、产业界、学界等社会精英提供每日必需的高品质财经新闻、资讯、评论，以及基础金融信息服务。"
"134","niuche.com","网站简介：牛车网以汽车牛人为核心，秉承了“一切为了用户”的理念，线上有第一大汽车问答系统和汽车口碑汽车点评体系，线下以牛车二手车评估检测中心为核心，为用户提供极致二手车评估检测服务，立志成为诚信汽车平台。"
"135","alicdn.com","网站简介：阿里旺旺（www.alicdn.com）是为广大电子商务和工作人群度身定做的免费网上商务沟通软件，能帮您轻松找客户,发布、管理商业信息;及时把握商机,随时洽谈生意!"
"136","126.com","网站简介：网易126邮箱--专业电子邮局提供免费网络硬盘网络硬盘。126网易免费邮是网易公司顷力打造的专业免费电子邮局，支持超大20兆附件。垃圾邮件及病毒有效拦截率超过98％和99.8％。"
"137","4399.com","网站简介：综合性FLASH游戏网站，提供动作、体育、益智等类型的FLASH游戏。"
"138","chooseauto.com.cn","网站简介：选车网为您提供汽车销量、性价比、NCAP查询等选车工具，同时也提供大量新闻资讯。"
"139","xiami.com","网站简介：虾米音乐网，高品质音乐、发现、分享。提供高品质音乐MP3的个性化推荐、发布、P2P下载服务，以及线下音乐活动等互动内容。"
"140","jiameng.com","网站简介：全球加盟网（www.jiameng.com）最受欢迎的连锁加盟网站，即时提供网友最新、最实用的连锁加盟创业项目、资讯、新闻、加盟指南、加盟常识、最公正的项目评鉴，实用性佳、内容丰富的连锁加盟创业交流社区。"
"141","takungpao.com","网站简介：香港視角、中國觀點、世界表達。大公網提供全球最鮮的時政、財經、體育及娛樂資訊，以香港視角關注中國、點評國際。特色欄目：北京觀察、人事動態，國際瞭望、朝鮮觀察，幕側娛樂圈、體育決戰等；大公報內容第一時間特供。"
"142","dianping.com","网站简介：大众点评网，于2003年4月成立于上海，是中国领先的城市生活消费指南网站，也是全球最早建立的独立第三方消费点评网站之一，致力于为网友提供餐饮、购物、休闲娱乐及生活服务等领域的商户信息、消费优惠以及发布消费评价的互动平台；同时，大众点评网亦为中小商户提供一站式精准营销解决方案。"
"143","3dmgame.com","网站简介：创立于2001年，是中国最大的单机游戏门户网站，拥有中国最专业的单机游戏新闻资讯平台，最全最快的资源下载平台，以及最强的游戏辅助工具制作技术。"
"144","sznews.com","网站简介：深圳最大的网络媒体，新闻资讯、深圳论坛、视听深圳ThebiggestnetworkmediainShenzhencity,GuangDongProvince,China."
"145","v1.cn","网站简介：第一视频新闻网为全球用户24小时提供全面及时的视频新闻信息，是集视频新闻、新闻视频评论、视频直播、在线影视、播客等各种视频资讯、视频服务及视频社区的综合性视频网站。"
"146","gamersky.com","网站简介：游民星空是国内单机游戏门户网站,提供最具特色的游戏资讯,最新最全的游戏下载,大量游戏攻略,经验,评测文章,以及最新热门游戏资料专题。"
"147","gongchang.com","网站简介：世界工厂网是中国领先的电子商务服务平台,包含汇集各行各业的优秀生产厂家,工厂,制造商,供应商,采购商等,世界工厂网致力于创新技术的研发以及打造电子商务领域的领先品牌"
"148","blogspot.com","网站简介：Google推出的一款免费博客发布工具,可用于分享文字、照片和视频。"
"149","duba.com","网站简介：毒霸网址大全——最安全实用的上网导航。金山网络旗下网站,及时收录各种分类的优秀网站,提供最简单便捷的上网导航服务。安全上网，从毒霸网址大全开始。"
"150","cnbeta.com","网站简介：cnBeta.COM是互联网IT新闻业界的后起之秀,是目前国内同行领先的即时新闻站点和网友交流平台。消息速度快，报导立场公正中立，网友讨论气氛浓厚，在IT业界拥有相当的影响力。"
"151","imdb.com","网站简介：互联网电影资料库（InternetMovieDatabase，简称IMDb）是一个关于电影演员、电影、电视节目、电视明星和电影制作的在线数据库。IMDb创建于1990年10月17日，从1998年开始成为亚马逊公司旗下网站，2010年是IMDb成立20周年纪念。"
"152","buy.tmall.com","网站简介："
"153","51auto.com","网站简介：51汽车网是中国最大的二手车与新车网上商城,51汽车网拥有中国最全面真实的二手车交易信息,同时还为您提供汽车杂志,汽车报价,二手车评估,二手车买卖,换车,汽车拍卖,汽车论坛"
"154","cloudfront.net","网站简介：CloudFront是一个用户用于加速静态或动态内容发布的内容发布服务，这里所谓的静态或动态内容主要包括媒体（图像或视频）文件、HTML、Java脚本程序、CSS文件以及其它。"
"155","ccidnet.com","网站简介：赛迪网-专注IT商用服务提供IT全服务链.赛迪网以报道IT资讯、IT产品、IT技术、IT方案、IT情报为先导，以新闻视角揭示IT商机；以IT技术、IT产品内容报道技术优势与实用性；最终以IT方案、IT情报的销售形式呈现，服务IT企业商用需求。每日发布IT信息500多条，7x24小时滚动。"
"156","oomall.com","网站简介："
"157","panda.tv","网站简介：熊猫TV是一个电子竞技游戏直播服务平台，上海熊猫互娱文化有限公司旗下产品。由王思聪投资创建。"
"158","steampowered.com","网站简介：Steam是一个整合平台，由Counter-Strike(CS)的开发公司Valve聘请出的BT软件编写者Bram.Cohen亲自开发创建的。Steam平台的用户端（Client），必须先安装Steam，经注册后才能享有Steam平台的使用权，而Steam平台上的付费游戏，必须透过代理厂商购买产品，或着是透过Steam平台上的线上订购，取得付费游戏序号后，才可拥有下载以及安装权。"
"159","admaimai.com","网站简介：投广告，选媒体，一站式服务，全球领先的中文媒体广告资源交易平台，免费发布各类媒体广告资源信息。"
"160","t.co","网站简介：Twitter（非官方汉语通称推特）是一家美国社交网络及微博客服务的网站，是全球互联网上访问量最大的十个网站之一。是微博客的典型应用。它可以让用户更新不超过140个字符的消息，这些消息也被称作“推文（Tweet）”。"
"161","to8to.com","网站简介：土巴兔，中国第一装修门户，中国设计交易行业的规范者与领导者。"
"162","feng.com","网站简介：威锋网诞生于2007年1月10日,与美国苹果公司(AppleInc.)公布iPhone是同一天,也是最早建立的关于iPhone专题网站,威锋网论坛一直是最具人气的中文iPhone,iPad,MAC社区,也是全球最大的关于iPhone讨论的网上社区,威锋网出品了第一个原创iPhone中文软件.目前网站提供iPhone软件评测,音乐,电影,铃声下载等服务."
"163","umeng.com","网站简介：友盟,专业的移动开发者服务平台,为移动开发者提供免费的应用统计分析、社交分享、消息推送、自动更新、在线参数、移动推广效果分析、微社区等app开发和运营解决方案。"
"164","baiducontent.com","网站简介："
"165","reddit.com","网站简介：RedDit:社交新闻网是一个提前与新闻发生，来自互联网的声音，属于社会化的新闻平台；用户能够浏览并且可以提交因特网上内容的链接或者发布自己的原创或有关用户提交文本的帖子。"
"166","jqw.com","网站简介：金泉网以生意通会员、商业搜索服务为核心业务，为中国数千万中小企业提供网上综合信息服务。客户与用户之间通过生意通和商业搜索排名，快速准确访问所需的商业信息，并达成生意。"
"167","ngacn.cc","网站简介：魔兽世界Fans站点，含原创资料和翻译资料，会员讨论社区及游戏新闻资讯。"
"168","p5w.net","网站简介：中国大陆知名财经证券网站，以快速提供中国证券市场的证券行情、公告、新闻、评论等资讯闻名，以网上路演等投资者关系服务著称。"
"169","17173.com","网站简介：游戏综合性站点，包括单机、联机、网络游戏，提供业界新闻、新游戏公布、游戏下载、线上游戏，游戏专题站及讨论区。"
"170","wordpress.com","网站简介：WordPress是一种使用PHP语言开发的博客平台，用户可以在支持PHP和MySQL数据库的服务器上架设属于自己的网站。也可以把WordPress当作一个内容管理系统（CMS）来使用。"
"171","amazon.co.jp","网站简介：日本亚马逊"
"172","huomao.com","网站简介："
"173","sciencedirect.com","网站简介：Aninformationsourceforscientific,technical,andmedicalresearch.Subscriptionrequiredforsomesections."
"174","segmentfault.com","网站简介：SegmentFault是专业的开发者问答社区。我们的目标是为中文开发者提供一个最纯粹的技术交流平台，一起创造属于开发者的时代！SegmentFault团队是中国最大的黑客马拉松组织方！SegmentFaultisaleadingtechnologycommunityforChinesedevelopers,SegmentFaultTeamisnowthelargesthackathonorganizerinChina."
"175","cdstm.cn","网站简介：中国数字科技馆（www.cdstm.cn）是国家科技基础条件平台项目之一。2005年12月，中国数字科技馆项目正式启动，由中国科协、教育部、中国科学院共同建设。2007年11月，中国数字科技馆获得了“2007世界信息峰会”（WSA2007）颁发的最佳电子科学（e-Science）奖。2009年9月28日，中国数字科技馆项目通过科技部项目验收。"
"176","51cto.com","网站简介：中文IT技术网站，详细介绍各种IT技术和前沿领域。"
"177","nih.gov","网站简介：美国国立卫生研究院(简称NIH)是美国最高水平的医学与行为学研究机构，初创于1887年，任务是探索生命本质和行为学方面的基础知识，并充分运用这些知识延长人类寿命，以及预防、诊断和治疗各种疾病和残障。NIH在近几十年取得的研究成果极大的改善了人类的生命健康状况。"
"178","smzdm.com","网站简介：“什么值得买”是一个中立的，致力于帮助广大网友买到更有性价比网购产品的推荐类博客。“什么值得买”的目的是在帮助网友控制网购的风险的同时，尽可能的向大家介绍高性价比的网购产品，让大家买着不心疼，花钱等于省钱。"
"179","5dcar.com","网站简介：""我的车城""隶属于北京寰球时代互联信息技术有限公司，致力于打造中国首个专业网上购车服务平台，拥有行业内最专业化、大众化、实用化的车型导购及评测信息。网站以常态化的超低折扣为引爆点，与车企、经销商深度合作。网站提出以快捷、便利、实惠、可信、可靠为核心战略思想，在让利消费者的同时，以互联网大数据为基础，为厂家、经销商提供更有力的支持、为消费者提供更加优质的产品与服务。"
"180","07073.com","网站简介：报道网页游戏资讯、测评、攻略、下载和各网页游戏主题官网。"
"181","naver.com","网站简介：Naver:韩国最大门户是韩国最大的门户网站，同时也提供搜索服务。据统计，Naver独自占了整个韩国搜索市场的77%的份额，远比排在第二的Daum.net的10.8%要高。NAVER的页面上聚合了大量的如新闻、天气、购物、热门搜索等资讯信息。"
"182","w3school.com.cn","网站简介：w3school在线教程（www.w3school.com.cn）在w3school，你可以找到你所需要的所有的网站建设教程。从基础的HTML到XHTML，乃至进阶的XML、SQL、数据库、多媒体和WAP。"
"183","ccb.com","网站简介：中国建设银行官网（www.ccb.com）。提供金融,银行,建设银行,网上银行,电子银行,手机银行,股票行情,电话银行,外汇行情,黄金行情,基金,理财,商城,信用卡,金融资讯"
"184","amazon.co.uk","网站简介：英国亚马逊"
"185","ctrip.com","网站简介：携程旅行网是中国领先的在线旅行服务公司，向超过1400万会员提供集酒店预订、机票预订、度假预订、商旅管理、特惠商户及旅游资讯在内的全方位旅行服务。"
"186","southcn.com","网站简介：包括新闻、要闻、时评、社区、娱乐、女性、时尚、汽车、房产、美食、财经、法制、科技、教育、健康、体育、商务等信息的综合网站。"
"187","renren.com","网站简介：人人网是一个真实的社交网络，联络你和你周围的朋友，和朋友分享相片、音乐、电影和游戏；找到老同学，结识新朋友。"
"188","17k.com","网站简介：17K小说网是集创作、阅读于一体的中国领先的原创文学网站,提供都市小说,玄幻小说,言情小说,校园小说等在线阅读服务"
"189","zimuzu.tv","网站简介：字幕组网站是一个集合最新海外影视剧字幕下载的网站,同时提供论坛交流,时间表查询,周边信息的网站,美剧下载，日剧下载，高清电影字幕下载"
"190","alimama.com","网站简介：淘宝联盟（www.alimama.com）隶属于于亚洲最大的零售商圈淘宝网，于2010年4月8日正式成立。"
"191","yahoo.co.jp","网站简介：Yahoo!JAPAN（雅虎!日本）是由雅虎株式会社（ヤフー株式会社，YahūKabushiki-gaisha）（东证1部：4689）运营的一家门户网站。其在日本的搜索引擎和门户网站市场中位居业界第一位。日本以外YAHOO网站多是美国YAHOO公司为最大股东，而日本YAHOO却并非如此，固该网站有一些仅在日本范围内提供的服务。2000年1月19日，Yahoo!JAPAN在东京证券交易所的股票总市值达到1亿140万日元，是为日本历史上首个市值突破一亿日圆的股票。"
"192","iciba.com","网站简介：爱词霸英语为广大英语学习爱好者提供金山词霸、在线词典、在线翻译、英语学习资料、英语歌曲、英语真题在线测试、汉语查词等服务，爱词霸英语在线查词和在线翻译频道致力于为您提供优质的在线查词及在线翻译服务"
"193","eqxiu.com","网站简介："
"194","ynet.com","网站简介：都市白领可信赖的网站，全方位均衡报道热点事件，提供综合资讯服务。"
"195","onclickads.net","网站简介：ONCLICK广告是PropellerAds，全球广告网络，提供盈利机会，网站所有者提供了世界领先的背后弹出式窗口广告解决方案，同时为广告客户提供来自世界各地数以百万计用户有针对性的。"
"196","nipic.com","网站简介：昵图网是一个图片分享交流平台，网站以摄影、设计、多媒体数字视觉文件为主要内容，以“共享创造价值”为理念，以“尊重原创”为准则。满足用户不同的图片需求是我们的追求，成为昵友学习交流、放飞自我的家园是我们前行的动力。"
"197","mydrivers.com","网站简介：提供驱动程序的下载与介绍，提供业界最新的新闻资讯，提供最新IT硬件的评测和介绍"
"198","chengdu.cn","网站简介：成都全搜索新闻网(www.chengdu.cn)隶属成都传媒集团，具有中华人民共和国互联网新闻信息服务资质（编号：5112010001）。为把网站建设为成都传媒集团内与报纸、电视、电台并行的重要媒体单位，网站将全面整合成都主流媒体资源，坚持市场化运作，致力于成为可持续发展的国内一流网络企业。"
"199","savefrom.net","网站简介：SaveFrom:在线全能视频下载网是一个支持多大36个不同视频网站的视频解析下载网站，直接输入视频URL网址即可获取视频，可以解析到不同格式和清晰度的，用户可以在获取到的视频格式中选择想要的视频下载即可。"
"200","nytimes.com","网站简介：TheNewYorkTimes(纽约时报)是一份在美国纽约出版的报纸，在全世界发行，有相当的影响力。它有时也被戏称为“灰色女士”(TheGrayLady)或简称为“时报”(TheTimes)。"
"201","rarbg.to","网站简介："
"202","boc.cn","网站简介：中国银行股份有限公司，国有控股金融机构，业务范围涵盖商业银行、投资银行和保险领域，旗下有中银香港、中银国际、中银保险控股机构。"
"203","twimg.com","网站简介：音乐网站"
"204","tgbus.com","网站简介：电视游戏综合站点，提供多种游戏主机的资讯、攻略、前瞻、心得等相关资源。"
"205","icolor.com.cn","网站简介：iColor轻松教您怎么装修设计,如何设计装修房子,iColor室内装潢装饰设计,鉴赏涵盖世界级大师访谈,大师设计作品与专业设计作品欣赏,为你带来更多室内家装设计灵感以及专业的设计装修资讯,更有家装室内设计专业实用工具,满足你的色彩家装需求,还有更多精彩装修设计效果图,以及设计装修案例、灵感家装设计图片"
"206","365jia.cn","网站简介：万家热线是目前安徽地区最大的互联网综合信息服务和媒体传播平台，提供更富地域特征的生活信息，深入及时的报道合肥城市发展与居民生活，内容全面涉及合肥房产、家装、汽车、购物、时尚、美容、家电、团购、亲子、乐活、娱乐、影视、旅游、美食、分类信息、商城等城市生活的各个方面。依托本地强大的媒体信息资源，为客户提供全方位的网络广告、电子商务和会员营销综合服务。"
"207","fanli.com","网站简介：返利网（www.fanli.com）是国内最正规最好的返利网站,主要提供淘宝网,当当网等商城的现金返利返现."
"208","zcool.com.cn","网站简介：供矢量素材,PSD,PNG,GIF,ICON,PSD分层素材,酷站等素材资源。"
"209","fengniao.com","网站简介：蜂鸟网中国第一影像门户.这里聚集着最具时尚、活力的摄影爱好者，这里融合了最实用的摄影技巧,最具个性的摄影作品,最新的摄影器材采购资讯；涉及生活摄影，旅游摄影,风光摄影,是热爱摄影的朋友们展示作品，交流技巧,分享心得的专业平台,是引领摄影行业的前沿媒体。"
"210","18183.com","网站简介：18183是中国第一手机游戏门户网站，提供最全面手机单机游戏下载、手机网游下载、手机游戏攻略评测、新游戏账号及社区交流等全方位的手机游戏服务。"
"211","huawei.com","网站简介：华为是全球领先的信息与通信解决方案供应商。我们围绕客户的需求持续创新，与合作伙伴开放合作，在电信网络、终端和云计算等领域构筑了端到端的解决方案优势。我们致力于为电信运营商、企业和消费者等提供有竞争力的综合解决方案和服务，持续提升客户体验，为客户创造最大价值。目前，华为的产品和解决方案已经应用于140多个国家，服务全球1/3的人口。"
"212","fudan.edu.cn","网站简介：复旦大学官方网站，复旦大学是中央部属、教育部与上海市共建的首批全国重点大学，是国家“六五”、“七五”、“八五”重点建设、全国首批7所211工程、9所985工程重中之重建设的名牌大学，也是被纳入国家首批“珠峰计划”、“111计划”和中国顶尖学府“常青藤联盟”（C9联盟）的重要成员。"
"213","chsi.com.cn","网站简介：中国高等教育学生信息平台，教育部唯一指定学历认证机构/网站，提供中国高等教育学历查询、认证服务，提供高等教育学籍查询服务。包含阳光高考信息平台、中国研究生招生信息网、学信就业、国际教育、学籍学历、学生资助等十几个频道/网站/系统。"
"214","focus.cn","网站简介：中国人气最旺、最有价值的房地产专业网站，内容覆盖写字楼、别墅、商业地产、装修家居等，提供全面及时的房地产新闻资讯和各大城市的新房、二手房、租房、装修信息。www.focus.cn,aleadingrealestatewebsiteinChina。Focus.cnisleadingrealestatewebsiteinChina.Thewebsiteattractsamoreseniorusergroupofhomeownerswithhighincome"
"215","googleusercontent.com","网站简介：谷歌网页快照"
"216","deviantart.com","网站简介：DeviantArt:艺术作品展示分享网是一个展示与分享各类艺术创作的大型国际性社群网站，由ScottJarkoff、MatthewStephens及AngeloSotira等人创立于2000年8月7日，提供简便的线上平台让专业创作者及业余爱好者发表其数字化的艺术作品及互相交流讨论。"
"217","soku.com","网站简介：搜库（www.soku.com）专找视频，优酷网旗下视频搜索引擎。2011年5月16日，优酷推出专业视频搜索产品搜库（www.soku.com），为用户提供覆盖所有主流视频网站的专业视频搜索服务。"
"218","baomihua.com","网站简介：爆米花网是拥有最新最热的搞笑视频库，上传下载视频到您的个人空间，视频分享，免费提供高清视频，搞笑视频，是全国最大的视频网赚平台。"
"219","office.com","网站简介：MicrosoftOffice是一套由微软公司开发的办公软件，它为MicrosoftWindows和MacOSX而开发。与办公室应用程序一样，它包括联合的服务器和基于互联网的服务。最近版本的Office被称为“Officesystem”而不叫“Officesuite”，反映出它们也包括服务器的事实。"
"220","googleapis.com","网站简介："
"221","mozilla.org","网站简介：火狐浏览器官网，是一种开源浏览器。"
"222","bzw315.com","网站简介：保障网打造中国第一装修网、装修平台，汇集全国各大省市近十万家品牌装修公司，内涵十万张各种装修风格的装修效果图，为网友和业内提供最新精选装修设计案例、装修公司、装修流程等内容。学装修知识、家居风水，选装修公司进行装修招标。装修保障网全程网络媒体监督装修装饰；100%工程赔付保障。"
"223","sourceforge.net","网站简介：SourceForge是Geeknet拥有和经营的公司，美国上市的公司。Geeknet媒体和电子商务网站连接有影响力的专业技术人员和爱好者每天数以百万计。结合用户开发的内容，网上市场和电子商务，Geeknet是全球技术界的。"
"224","pchome.net","网站简介：PChome电脑之家是中国优秀的IT资讯服务提供商之一,一直积极倡导'科技引领生活'理念,实现IT资讯与产品走近用户生活为目标,拥有国内最大的科技生活网络社区，网站日浏览量达2450万人次，拥有注册会员550万。"
"225","miui.com","网站简介：MIUI官方网站（www.miui.com）MIUI是基于Android原生系统，针对中国用户使用习惯开发的AndroidRom，提供NexusOne手机、Nexuss手机、HTCDesire、MileStone等AndroidROM包下载。"
"226","pages.tmall.com","网站简介："
"227","doubleclick.net","网站简介：DoubleClick是美国一家网络广告服务商，主要从事网络广告管理软件开发与广告服务，对网络广告活动进行集中策划、执行、监控和追踪。"
"228","dytt8.net","网站简介：电影天堂（www.dytt8.net）最好的迅雷电影下载网，分享最新电影，高清电影、综艺、动漫、电视剧等下载！"
"229","v2ex.com","网站简介：V2EXiscommunityofdevelopersanddesigners."
"230","sina.com","网站简介：InternetmediacompanyforChinesecommunitiesworldwide,offeringafullarrayofChinese-languagenews,entertainment,financialinformation,andlifestyletips(Nasdaq:SINA)."
"231","autohome.com.cn","网站简介：汽车之家为您提供最新汽车报价，汽车图片，汽车价格大全，最精彩的汽车新闻、行情、评测、导购内容，是提供信息最快最全的中国汽车网站。"
"232","pinterest.com","网站简介：Pinterest是一个自称“个人版猎酷工具”的视觉社交目录网站，看起来像是一面虚拟的灵感墙，收藏丰富多元的设计、视觉艺术图片。"
"233","dwnews.com","网站简介：Offersglobal,political,financialnews,opinion,livingandentertainment.Chinesesocialnetwork,forum,blog,sharephotosandthoughts."
"234","zhibo8.cc","网站简介：直播吧（www.zhibo8.cc）提供NBA直播,足球直播,CCTV5在线直播,CBA直播,英超直播,NBA在线直播,NBA视频直播,等体育赛事直播,我们努力做最好的直播吧。"
"235","scol.com.cn","网站简介：四川日报报业集团创办的综合性专业新闻网站。"
"236","etao.com","网站简介：一淘商品搜索是淘宝网推出的一个全新的服务体验。一淘网立足淘宝网丰富的商品基础，放眼全网的导购资讯。网站主旨是解决用户购前和购后遇到的种种问题，能够为用户提供购买决策、更快找到物美价廉的商品。"
"237","xiu.com","网站简介：走秀网是全球时尚在线百货零售机构，提供奢侈品特卖，品牌折扣，名品打折；服装、奢侈品、化妆品、手表、珠宝配饰等品牌商品，网上购物正品保障，货到付款，7天无条件退换货。"
"238","vimeo.com","网站简介：Vimeo是一个高清视频播客网站，与大多数类似的视频分享网站不同，Vimeo允许上传1280X700的高清视频，上传后Vimeo会自动转码为高清视频，源视频文件可以自由下载，它达到了真正的高清视频标准。Vimeo允许每月上传500MB的高清或普通视频，用户可以定制视频的显示尺寸。"
"239","btime.com","网站简介："
"240","hexun.com","网站简介：和讯网-中国财经网络领袖和中产阶级网络家园，创立于1996年，是中国最早而且最大的财经门户网站，为您全方位提供财经资讯及全球金融市场行情，覆盖股票、基金、期货、股指期货、外汇、债券、保险、银行、黄金、理财、股吧、博客等财经综合信息。"
"241","onlylady.com","网站简介：Onlylady.com由互动女性社区发展而来的超人气时尚女性网络平台。专注于女性时尚与实用的消费导向与讨论，融时尚资讯，潮流话题交流，女性产品交易于一体。Onlylady拥有更为集中的女性目标用户，多来自经济发达地区，追求潮流、品味、时尚的生活方式，对品质及美好事物消费欲望及消费能力惊人。"
"242","mgtv.com","网站简介：湖南卫视官方站点，提供电视播放节目、娱乐新闻、活动、专题、视频方面的服务。"
"243","fc2.com","网站简介：日本FC2互联网门户网是日本一家以提供域名销售、网络服务器、应用程序开发为主要业务的公司，也是日本老牌的互联网服务网站，提供多种多样的服务。"
"244","mail.ru","网站简介：俄罗斯门户网站"
"245","xiaomi.com","网站简介：小米官方网站（www.mi.com）,小米公司正式成立于2010年4月，是一家专注于高端智能手机、互联网电视以及智能家居生态链建设的创新型科技企业。"
"246","jjwxc.net","网站简介：《晋江文学城》提供原创言情小说,穿越言情小说,耽美言情小说,同人言情小说在线阅读,免费言情小说电子书,手机言情小说,言情小说下载,手机小说在线阅读,都市言情小说,更新快,页面简洁。以言情小说、耽美同人小说为主的女性原创文学基地。"
"247","runoob.com","网站简介：包含web技术基础教程、HTML教程、CSS教程、Javascript教程、Python基础教程、PHP教程等各种建站基础和在线实例。"
"248","jmw.com.cn","网站简介：中国加盟网致力于在中国建立一个架构完整、内容丰富、分析客观、一个能让中小创业者与品牌商沟通最大的网络平台。"
"249","joyme.com","网站简介：着迷网英文名为joyme，作为一家以游戏为主题的web2.0游戏兴趣社区，是基于UGC思想的典型代表网站。着迷网专注于将游戏产品中大量的攻略、秘籍、插画、手办模型、视频和音乐等长尾内容进行二次组织，利用已有的开源WIKI系统搭建游戏条目百科，由用户协同创造内容并激发互动，吸引了一大批忠实的用户。"
"250","paypal.com","网站简介：PayPal（在中国大陆的品牌为贝宝），是美国eBay公司的全资子公司。1998年12月由PeterThiel及MaxLevchin建立。是一个总部在美国加利福尼亚州圣荷西市的因特网服务商，允许在使用电子邮件来标识身份的用户之间转移资金，避免了传统的邮寄支票或者汇款的方法。PayPal也和一些电子商务网站合作，成为它们的货款支付方式之一；但是用这种支付方式转账时，PayPal收取一定数额的手续费。"
"251","tuicool.com","网站简介："
"252","58pic.com","网站简介：图网是中国免费素材最多的网站，拥有130多万张免费素材，是中国最大的免费素材网站。提供：矢量图、psd源文件、图片素材、网页素材、ppt、图标热门主流素材免费下载服务，千图网以其独特的定位和全新免费运营模式，处于素材网站领先地位。"
"253","wikia.com","网站简介：Wikia:维客维基百科是一家用户性极强的互动性在线百科,网友们能够轻松地自定义百科以及创建百科来分享自己的知识，由维基百科(Wikipedia)创始人吉姆·威尔士(JimmyWales)于2004年11月创建。"
"254","chaturbate.com","网站简介：*"
"255","wtoip.com","网站简介：汇桔网（中外知识产权网www.wtoip.com）是全球最大的知识产权交易与综合服务平台。在知识产权运用领域，开创了知识产权交易与综合服务线上线下融合新模式，围绕知识产权交易链条，汇聚全球资源，提供线上线下全方位、分层次、一站式的知识产权交易、评估、知商会员服务、知识产权金融等创新服务，让知识产权在流通中创造财富，在产业化运用中创造商业价值，让知识产权成为中国企业转型升级的助推器！"
"256","docin.com","网站简介：文档分享社区。通过豆丁发表到不同博客、论坛、联盟中，进行广泛传播。"
"257","ycwb.com","网站简介：羊城晚报报业集团门户网站，包括新闻、娱乐、女性、健康、教育、文化、商务等栏目。"
"258","springer.com","网站简介：Internationalpublisherspecialisinginscience,technologyandmedicine.Includesjournalsearchandfreeonlineaccesstoabstractsandtablesofcontentsinover500journalsand2000books."
"259","99mssj.com","网站简介："
"260","dict.cn","网站简介：支持英汉、汉英、拼音查询，自动猜测功能，词库的在线扩充和修改。"
"261","wiley.com","网站简介：Develops,publishes,andsellsproductsinprintandelectronicmediaforeducational,professional,scientific,technical,medical,andconsumermarketsworldwide."
"262","clipconverter.cc","网站简介："
"263","xhamster.com","网站简介：*"
"264","pornhub.com","网站简介：*"
"265","rutracker.org","网站简介：Rutracker:位于俄罗斯的Rutracker网站依然位列该国访问量最高的15家网站,也跻身于全世界访问量最高的300家网站,据称这家网站可以快速识别和下载盗版内容。"
"266","gao7.com","网站简介：搞趣网（www.gao7.com）是国内限时免费第一品牌，提供最新最全最快App每日限免服务。是一个能让iPhone、iPad、iPodTouch用户简单快捷的找到AppStore限时免费游戏和应用的专业网站。"
"267","appgame.com","网站简介：任玩堂，推荐真正好玩的手机游戏！提供精准到位的游戏评测，推荐安卓游戏，iPhone游戏，iPad游戏最新资讯，分享最新免费游戏，手机游戏攻略指南等！每周还有精彩活动，各种奖品让您惊喜不断，玩游戏更快乐！"
"268","51job.com","网站简介：前程无忧为个人提供最全最新最准确的企业职位招聘信息，为企业提供人才招聘、猎头、培训、测评和人事外包在内的全方位的人力资源服务，帮助个人求职者与企业搭建最佳的人才招募和人才培养渠道。"
"269","dangdang.com","网站简介：全球领先的综合性网上购物中心。超过100万种商品在线热销！图书、音像、母婴、美妆、家居、数码3C、服装、鞋包等几十大类."
"270","mp4ba.com","网站简介：专业的高清mp4影视资源发布网站。"
"271","oracle.com","网站简介：甲骨文公司是全球最大的企业软件公司之一，成立于1977年，总部设在美国加利福尼亚州的红木城。甲骨文向企业客户提供领先的软件与服务，帮助他们以最低的总体拥有成本获得更新、更准确的信息，从而改善决策，最终取得更好的业绩。目前，公司在145个国家和地区开展业务，全球客户达320,000家，合作伙伴达19,500家。"
"272","imgur.com","网站简介：imgur是一个免费的图片分享网站，创办于2009年，提供了简单直接、带编辑功能的图片在线分享服务，格式持jpeg、gif、png、bmp等。用户成功上传图片后，可以通过分享代码外链到博客、论坛或者其他网站。"
"273","anjuke.com","网站简介：安居客，为您提供最好的找房平台，包括最新准确的租售房源信息，方便全面的房价行情、小区信息查询，专业的一对一中介经纪服务，帮助您轻轻松松安个家。"
"274","mafengwo.cn","网站简介：蚂蜂窝旅行网是中国领先的自由行服务平台。以“自由行”为核心，蚂蜂窝提供全球60000个旅游目的地的旅游攻略、旅游问答、旅游点评等资讯，以及酒店、交通、当地游等自由行产品及服务。蚂蜂窝的景点、餐饮、酒店等点评信息均来自数千万用户的真实分享，每年帮助过亿的旅行者制定自由行方案。"
"275","eastmoney.com","网站简介：东方财富网，中国最具影响力的互联网财经媒体，提供全方位的综合财经新闻和金融市场资讯，覆盖股票、财经、证券、金融、行情、基金、港股、外汇、期货、债券、保险、银行。"
"276","cs.com.cn","网站简介：发布证券资讯等相关讯息。包括新闻、公司、市场、基金、创业版、港股、海外、期货、债券、外汇、保险等栏目。"
"277","ali213.net","网站简介：中国第一单游戏门户网站。提供最新、最快游戏资讯、评测、攻略、游戏补丁、最全游戏数据库、游戏下载、游戏汉化、游戏讨论、截图、壁纸等。"
"278","stackexchange.com","网站简介：StackExchange是一系列问答网站，每一个网站包含不同领域的问题。这些网站参考StackOverflow，一个关于程序设计的问答网站，也是StackExchange的第一个成员。如同StackOverflow，这些网站使用声望奖励系统，用户对问题和答案进行投票，并影响用户声望。声望系统使这些网站可以自我控制。"
"279","extratorrent.cc","网站简介：ExtraTorrent是一个BT下载网站。ExtraTorrent提供一个易于使用的BT种子文件目录列表和搜索引擎。用户也可以上传种子到ExtraTorrent去。"
"280","sinaimg.cn","网站简介：新浪旗下网站"
"281","aizhan.com","网站简介：爱站（aizhan.com）成立于2009年，是一家专门针对中文站点提供服务的网站，属亿讯网络公司旗下。"
"282","178.com","网站简介：北京智珠网络技术有限公司(178.com)创立于2008年，总部位于北京，是一家新兴的中国互联网信息技术公司，在开发互联网应用、服务及其他技术方面拥有领先优势，利用最先进的互联网技术，加强人与人之间的信息交流和共享。公司由数十个从事互联网行业多年，经验丰富的精英人才组成，并拥有一支先进的技术团队，立志于为游戏玩家提供最全、最新、最快的中国互联网游戏资讯、信息内容和服务。"
"283","t66y.com","网站简介："
"284","jstv.com","网站简介：江苏广播电视总台（集团）是深受人民喜爱的电视台，它内容新颖，形象活泼，是江苏省的骄傲！"
"285","microsoftonline.com","网站简介：微软在线。"
"286","meituan.com","网站简介：美团网-国内最早、规模最大、口碑最好的团购网站"
"287","cn163.net","网站简介：天天美剧网提供最新的美剧高清看,2014好看的美剧资讯情报预告,最好经典美剧推荐,2013热门美剧排行榜各类美剧下载吧的网站。"
"288","ttmeiju.com","网站简介：天天美剧第一时间为您提供最火最新的高清美剧片源下载。天天美剧是一个非盈利性美剧爱好者组织，我们的宗旨是：分享快乐，打造国内最顶级的美剧片源分享平台"
"289","taoche.com","网站简介：淘车网是易车集团旗下的专业二手车平台，是国内最具影响力的专业二手车网站，提供买卖二手车、问答、攻略、行情等服务，月度覆盖人数超过1300万，每月深度影响1500万潜在用户和车主。"
"290","cmbchina.com","网站简介：招商银行官网（www.cmbchina.com）。招商银行，是中国第一家完全由企业法人持股的股份制商业银行，简称招行，成于1987年4月8日，由香港招商局集团有限公司创办，是中国内地规模第六大的银行、香港中资金融股的八行五保之一。总行设在深圳市福田区。"
"291","behance.net","网站简介：Resourceforartiststodisplaytheirworkandnetworkforcreativejobs."
"292","duowan.com","网站简介：多玩游戏网以最专业的游戏新闻中心,最具特色YY语音社区,最强大的游戏论坛为重要组成部分,为玩家提供资讯娱乐全方位体验,成为游戏玩家首要选择的网络游戏资讯门户网站。"
"293","cnki.net","网站简介：中国知网知识发现网络平台—面向海内外读者提供中国学术文献、外文文献、学位论文、报纸、会议、年鉴、工具书等各类资源统一检索、统一导航、在线阅读和下载服务。涵盖基础科学、文史哲、工程科技、社会科学、农业、经济与管理科学、医药卫生、信息科技等十大领域。"
"294","newsmth.net","网站简介：木社区网站(NewSMTH.Net)由北京明睿博信息技术发展有限公司(MiracleTech,INC.)设立，于2005年11月开始运行，ICP经营许可证号为京ICP证050249号。"
"295","tmall.hk","网站简介：天猫国际官网，阿里巴巴为国内消费者直供海外原装进口商品的电子商务平台。"
"296","cankaoxiaoxi.com","网站简介：《参考消息》由新华通讯社主办、参考消息报社编辑出版，创刊于1931年，是中国发行量最大的日报。"
"297","researchgate.net","网站简介：Socialcommunityforresearchers,fosteringcollaborationandknowledgeexchangeamongresearchersworldwide."
"298","114la.com","网站简介：114啦网址导航——最实用的上网导航，它提供多搜索引擎入口、便民查询工具、天气预报、邮箱登录、新闻阅读等上网常用服务，提供最快捷高效的导航帮助，并努力让更多优秀网站进入网友的生活，是网民上网的浏览器主页首选。"
"299","cnr.cn","网站简介：""中国广播网""(www.cnr.cn)由中央人民广播电台主办，具有鲜明的广播特色，致力于打造“全天24小时不间断直播的中文互动在线广播第一品牌”，建设全球最大中文音频网络门户，通过互联网""让中国的声音传向世界各地""。CNR.CNistheonlineserviceofChinaNationalRadio,thesinglenationalradioinChinacoveringthewholecountry.CNR.CNaimstobe“thetopba"
"300","login.tmall.com","网站简介："
"301","tuicool.com","网站简介："
"302","19lou.com","网站简介：19楼（www.19lou.com），中国最大的本地生活交流与服务平台，致力于为各地用户提供便捷的生活交流空间和体贴的本地生活服务。"
"303","bzw315.com","网站简介：保障网打造中国第一装修网、装修平台，汇集全国各大省市近十万家品牌装修公司，内涵十万张各种装修风格的装修效果图，为网友和业内提供最新精选装修设计案例、装修公司、装修流程等内容。学装修知识、家居风水，选装修公司进行装修招标。装修保障网全程网络媒体监督装修装饰；100%工程赔付保障。"
"304","91jm.com","网站简介：就要加盟网（www.91jm.com）是中国加盟网中优秀的连锁加盟网之一，收集了全国所有优秀的连锁加盟品牌，其中包括服装加盟、饰品加盟,餐饮加盟等热门加盟项目，为您创业致富或成功招商提供全方位的咨询和推广服务，是创业者查找加盟项目的理想加盟网，是商家发布连锁加盟项目和招商代理的首选加盟网。"
"305","10010.com","网站简介：提供手机话费充值查询，联通固话、宽带、3G套餐介绍和办理，iphone、三星、小米等多种品牌合约机网上购买，手机应用软件下载。"
"306","cr173.com","网站简介："
"307","huawei.com","网站简介：华为是全球领先的信息与通信解决方案供应商。我们围绕客户的需求持续创新，与合作伙伴开放合作，在电信网络、终端和云计算等领域构筑了端到端的解决方案优势。我们致力于为电信运营商、企业和消费者等提供有竞争力的综合解决方案和服务，持续提升客户体验，为客户创造最大价值。目前，华为的产品和解决方案已经应用于140多个国家，服务全球1/3的人口。"
"308","zhe800.com","网站简介：隶属于国内专业团购导航网站团800，是一家提供第三方商品限时特卖信息的导购网站。"
"309","pcbeta.com","网站简介：远景网-及时的IT资讯，完善的交流平台.将为您提供Windows、MacOsX等系统及软件的IT资讯、技术交流和资源分享"
"310","chinaunix.net","网站简介：中国最大的Linux/Unix技术社区包括业界资讯、博客、下载、文档、人才"
"311","v1.cn","网站简介：第一视频新闻网为全球用户24小时提供全面及时的视频新闻信息，是集视频新闻、新闻视频评论、视频直播、在线影视、播客等各种视频资讯、视频服务及视频社区的综合性视频网站。"
"312","chooseauto.com.cn","网站简介：选车网为您提供汽车销量、性价比、NCAP查询等选车工具，同时也提供大量新闻资讯。"
"313","cncn.org.cn","网站简介：中国社区网是由中央组织部主管，中国小康建设研究会主办，武汉百步亭社区承办的全国社区门户网站。"
"314","nuomi.com","网站简介：糯米网，致力于通过团购的方式向消费者推荐高折扣的本地精品生活服务。"
"315","xiaomi.cn","网站简介："
"316","google.com.tw","网站简介：谷歌台湾，提供網路、新聞、圖片等搜索服務。特色包括PageRank網頁排行榜、頁庫存檔、搜尋結果翻譯及類似網頁查尋。"
"317","cyzone.cn","网站简介：创业邦致力于成为中国创业者的资讯门户和互动平台，帮助中国创业者实现创业梦想。创业邦为创业者和风险投资人提供各种创业类最新资讯和实用知识手册，打造创业者和投资人的社交平台。"
"318","huihui.cn","网站简介：惠惠网是网易旗下购物搜索和网购推荐平台。"
"319","nga.cn","网站简介：艾泽拉斯国家地理(NGA)是国内最专业的魔兽世界，英雄联盟，炉石传说，风暴英雄，暗黑破坏神3(D3)游戏攻略讨论，以及其他热门游戏玩家社区。"
"320","wanfangdata.com.cn","网站简介：万方数据知识服务平台-整合知识资源、促进知识传播、增值知识服务、助力知识创新。"
"321","umeng.com","网站简介：友盟,专业的移动开发者服务平台,为移动开发者提供免费的应用统计分析、社交分享、消息推送、自动更新、在线参数、移动推广效果分析、微社区等app开发和运营解决方案。"
"322","worktile.com","网站简介：Worktile是一个团队协同工具，通过简单的协作、沟通和分享，实现团队交互与任务管理的轻松协作。工作随身带，多平台、云数据，随时随地与团队一起工作，项目、任务、文件、讨论、文档、事件、活动流、通知和日历，一个都不能少。"
"323","gucheng.com","网站简介：股票财经网站，提供股票、股票行情、股票论坛、股票软件、财经、基金、外汇等金融信息。"
"324","lenovo.com.cn","网站简介：一家极富创新性的国际化的科技公司，由联想及原IBM个人电脑事业部所组成，作为全球个人电脑市场的领导企业，联想从事开发、制造并销售服务。"
"325","99114.com","网站简介：中国网库（www.99114.com）是全球企业间（B2B）行业电子商务平台,汇集海量供求信息,是全球领先的网上交易平台。拥有超过500万供应商的电子商务网站,是中国各类企业销售产品、拓展市场及网络推广的首选网站"
"326","trade.tmall.com","网站简介："
"327","google.com.sg","网站简介：谷歌新加坡分站。"
"328","meishichina.com","网站简介：专注于厨艺交流与厨房点评的美食门户网站。提供专业美食空间服务，并包含大量美食菜谱、饮食健康、美食资讯、饮食文化等众多信息。"
"329","alitrip.com","网站简介：阿里旅行：一站式旅行服务平台，提供国内外特价机票、火车票、酒店客栈、旅游度假、签证、门票、租车、汽车票服务等预订查询。"
"330","cyol.com","网站简介：中青在线是中国青年报的网站；是首家市场化运作的中央新闻媒体网站，也是中国最大、最权威的集新闻发布和青年服务为一体的综合性青年类网站。中青在线于2000年5月15日在人民大会堂宣布正式开通。"
"331","jiemian.com","网站简介：“界面”是中国第一大报业集团上海报业，联手海通证券、国泰君安、联想弘毅、小米科技、奇虎360、卓尔传媒推出的新一代原创精品新闻网站。它希望服务于独立思考的人群，并且为这群人在优质新闻体验之外提供社交、投资及职场服务等。“界面”有一支实力强劲的原创报道团队，他们曾参与创办《经济观察报》和《第一财经周刊》，团队骨干还来自《华尔街日报》、《财富》、《纽约时报》、《彭博商业周刊》、《南方周末》、《时尚先生》、财新传媒等。“界面”的不同之处在于，它不仅愿意为内容的权威性和愉悦感负责，还致力于让用户深入参与到新闻"
"332","feiyang.com","网站简介："
"333","ebrun.com","网站简介：中国最大的电子商务网络媒体，为做电子商务的企业、电商经理人，每日提供电商行业的公司、人物、政策、数据、资本、服务、技术等相关资讯。"
"334","seedit.com","网站简介：播种网(bozhong.com)创立于2003年，创始人非非妈妈是一位有着多年从医经验的妇科医生，退休后，在儿子的帮助下，非非妈妈创立了自己的论坛：播种网，为备孕怀孕的妈妈们解答疑惑。截止目前，播种网是国内专业性最强、活跃度最高的备孕社区，论坛声量全国第一。全网现有超过500万注册会员，备孕怀孕人数超过70%；每月覆盖2600万备孕怀孕用户。更拥有独立的“播种网”APP以及微信、微博平台发送孕育知识，与用户交流互动覆盖广阔，是口碑宣传的最佳平台。"
"335","nature.com","网站简介：Nature.comprovidesaccesstoallNaturePublishingGroupjournals,onlinedatabasesandservices,includingNatureNews,andthesocialnetworkforscientistsNatureNetwork.NaturePublishingGrouppublishesproductsacrossthelife,physicalandappliedsciencesandclinicalmedicine.Nature.comhostsmorethan70journals,includingNature.ThesitealsoincludeNatureJobs,whichfeaturesaccesstojoblistings,editorialcontentaboutscientificcareersandotherinformation."
"336","goldcarpet.cn","网站简介："
"337","lianjia.com","网站简介："
"338","sonhoo.com","网站简介：""商虎中国""是泉州市仲龙计算机技术有限公司旗下网站,正式开通于2005年7月1日，“商虎中国”是HONGKONGSONHOOINC简体中文网站http://cn.sonhoo.com）的简称；本站经过多次的与市场磨合撞击，已发展成为框架完善、信息丰富、功能强大的电子商务服务平台，是国内最大的商业贸易门户网站之一，目前已有全国30多个省（直辖市）的企业在商虎中国注册成为""“商虎中国”正式会员。"
"339","chuandong.com","网站简介：引领行业最新咨询、打造信息多元体系--专业·标准·全面"
"340","17zwd.com","网站简介：“一起做网店”（简称17网）是专业的网批货源平台，拥有中国广州、杭州、东莞、潮汕、深圳、北京、株洲、郑州八大货源基地，涵盖包括男女装、童装、鞋包、配饰等在内的多个行业。截至2015年，入驻17网的实体供货商有10000家，依托17网进货的卖家80万，网站日均访问量达到1200万次。"
"341","zybang.com","网站简介：作业帮是一款在线教育APP，是全国最快最准的拍照解题工具！包含全国小学、初中、高中课题教材90%的题库，更有300万学霸在线答题，秒杀各科作业难题！"
"342","twitch.tv","网站简介：Twitch.tv:在线游戏视频直播网是一个致力于游戏在线视频直播观看的平台，直播各种游戏例如DOTA2、LOL、SC2、worldofwarcraft等，玩家也可以参与其中，很多用户都是在做自己的游戏视频直播，目前有中文版本。"
"343","wenxuecity.com","网站简介：包括新闻报道和评论，网上图书馆和其他网站的连接。"
"344","vip.com","网站简介：唯品会vip购物网以1-7折超低折扣对全球各大品牌进行限时特卖，商品囊括服装、化妆品、家居、奢侈品等上千品牌。100%正品、低价、货到付款、7天无理由退货。"
"345","exhentai.org","网站简介："
"346","worktile.com","网站简介：Worktile是一个团队协同工具，通过简单的协作、沟通和分享，实现团队交互与任务管理的轻松协作。工作随身带，多平台、云数据，随时随地与团队一起工作，项目、任务、文件、讨论、文档、事件、活动流、通知和日历，一个都不能少。"
"347","apache.org","网站简介：Supportsthedevelopmentofanumberofopen-sourcesoftwareprojects,includingtheApachewebserver.Includeslicenseinformation,latestnews,andprojectsites."
"348","liepin.com","网站简介：涉及：IT互联网、快消、房地产、保险、通信、物流、制药、能源、化工等行业。"
"349","yunpan.cn","网站简介：360云盘是奇虎360科技的分享式云存储服务产品。为广大普通网民提供了存储容量大、免费、安全、便携、稳定的跨平台文件存储、备份、传递和共享服务。360云盘为每个用户提供36G的免费初始容量空间，360云盘最高上限是没有限制的。"
"350","876501.com","网站简介："
"351","cnn.com","网站简介：CNN:美国有线电视新闻网由特纳广播公司（TBS）董事长特德·特纳于1980年6月创办，通过卫星向有线电视网和卫星电视用户提供全天候的新闻节目。"
"352","vmall.com","网站简介：华为商城(www.vmall.com)，是华为旗下面向全国服务的电子商务平台，我们提供正品华为手机、平板电脑、移动终端、家庭终端、配件等全新华为产品。"
"353","iiyi.com","网站简介：华人医学门户网站，成立于2002年7月，是中国最具人气的专门服务于医务人员的医学专业网站。网站以""提升医生专业水平,缓解医生工作高压""为使。"
"354","cnet.com","网站简介：Cnet:互联网科技资讯网是美国CNETNetworks国际媒体旗下的业务，在国内以业界公认的领先旗舰媒体覆盖IT行业和数字生活领域。"
"355","chewen.com","网站简介：车问(chewen.com)依托于人人网真实的用户关系，通过真人问答的形式，为购车人提供真实、有价值的信息，并将关注同一话题的用户聚集在一起，组成独一无二的“兴趣圈”。"
"356","ganji.com","网站简介：Chineselocalserviceprovider"
"357","eelly.com","网站简介："
"358","gearbest.com","网站简介：电商网站"
"359","zbj.com","网站简介：一个全球性在线服务交易平台，服务交易品类涵盖创意设计、网站建设、网络营销、文案策划、生活服务等多种行业，为企业、公共机构和个人提供定制化的解决方案，将创意、智慧、技能转化为商业价值和社会价值。。"
"360","hujiang.com","网站简介："
"361","dy2018.com","网站简介：电影天堂（www.dy2018.com）最好的迅雷电影下载网，分享最新电影，高清电影、综艺、动漫、电视剧等下载。"
"362","ifanr.com","网站简介：聚焦新创和消费主题的科技媒体，成立于2008年10月，关注产品及体验，致力于“独立，前瞻，深入”的原创报道和分析评论，是国内唯一一家在产业和产品领域同时具有强势影响力的科技媒体。旗下现有ifanr.com、SocialBase.cn、AppSolution、玩物志、创业及产品社区MindStore等多个细分领域的知名产品。"
"363","qunar.com","网站简介：Qunar.com–travelsearchengineforAsia"
"364","17track.net","网站简介：17trackisthemostpowerfulsystemfortrackingpostalregisteredmailallovertheworld.Thissitesupportmostofthecountriesallovertheworldcouldprovidethetrackingserviceforregisteredmail.Alldatacomesfromofficialshipper'sURLandofficialdestinationspostalsystem.Trackyourregisteredmailshippedbypostofficeorinternationalexpressmail.ThesiteiscurrentlysupportDHL,Fedex,TNTandUPS.Thesystemisfocusonaccuracy/practicaloftrackingresults.Wewelcomeyourcommentsandsuggestions.Ourteamwillconstantlyimproveoursitewithyourhelp."
"365","guokr.com","网站简介：果壳网是开放、多元的泛科技兴趣社区，并提供负责任、有智趣的科技主题内容。"
"366","yhd.com","网站简介：1号店网上超市，最经济实惠的网上购物商城，用鼠标逛超市，不用排队，方便实惠送上门，网上购物新生活。"
"367","liansuo.com","网站简介：连锁网是全国连锁加盟诚信网站,网站由美食、家纺、服装等16个行业频道和创业、连锁、代理、展会4个综合频道组成,为投资者提供了最新最全的创业连锁精品项目信息,欢迎您点击留言或在线咨询"
"368","wikihow.com","网站简介：WiKiHow:众包式知识百科全书是一个内容众包的百科全书，它可以为你提供各种各样指导，该公司成立于2005年，具有高质量的文章内容，由众多用户共同编辑完成。"
"369","fobshanghai.com","网站简介："
"370","xiamp4.com","网站简介：迅播影院提供最新最快电影资讯，迅雷看看电影点播以及迅雷电影下载，同时提供百度影音高速观看！"
"371","bbc.co.uk","网站简介：英国广播公司(BBC)，成立于1922年，是英国最大的新闻广播机构，也是世界最大的新闻广播机构之一。"
"372","sf-express.com","网站简介：民营区域性快递企业，主要经营国际﹑国内快递业务及报关﹑报检等业务。"
"373","chinaoffvv.com","网站简介："
"374","google.co.uk","网站简介：谷歌英国分站"
"375","e-hentai.org","网站简介：Bytoma21thismangaiskindof50:50it'sbecausethedrawingqualityisquitestandard,...Theartisaverageforthefirstoneandgoodfortheresttheymusthavepractised,thestorywellifyougo..."
"376","pptv.com","网站简介：PPTV聚力是全球华人领先的、拥有巨大影响力的视频媒体，全面聚合和精编影视、体育、娱乐、资讯等各种热点视频内容，并以视频直播和专业制作为特色，基于互联网视频云平台PPCLOUD™通过包括PC网页端（www.pptv.com）和客户端，手机和PAD移动终端，以及与牌照方合作的互联网电视和机顶盒等多终端向用户提供新鲜，及时，高清和互动的网络电视媒体服务。"
"377","znds.com","网站简介：中国第一智能电视互动平台和TV软件下载站。"
"378","kds0008.cc","网站简介："
"379","10010.com","网站简介：提供手机话费充值查询，联通固话、宽带、3G套餐介绍和办理，iphone、三星、小米等多种品牌合约机网上购买，手机应用软件下载。"
"380","go.com","网站简介：可搜索目录，新闻，股票，体育，免费电子邮件。"
"381","sjtu.edu.cn","网站简介：Includesdepartmentprofiles,informationforoverseasstudents,detailsofupcomingconferencesandcoverageofacademicprogrammesandfacilities."
"382","firefoxchina.cn","网站简介："
"383","bozhong.com","网站简介：播种网(bozhong.com)创立于2003年，创始人非非妈妈是一位有着多年从医经验的妇科医生，退休后，在儿子的帮助下，非非妈妈创立了自己的论坛：播种网，为备孕怀孕的妈妈们解答疑惑。截止目前，播种网是国内专业性最强、活跃度最高的备孕社区，论坛声量全国第一。全网现有超过500万注册会员，备孕怀孕人数超过70%；每月覆盖2600万备孕怀孕用户。更拥有独立的“播种网”APP以及微信、微博平台发送孕育知识，与用户交流互动覆盖广阔，是口碑宣传的最佳平台。"
"384","dailymotion.com","网站简介：法国DailyMotion视频分享网是世界知名的视频网站之一，仅次于YouTube的全球第二大视频网站；用户可以在该网站上传、分享和观看视频，以其短片具有高清晰画质而闻名。"
"385","cnhubei.com","网站简介：荆楚网由湖北日报传媒集团主办，湖北楚天传媒网络科技有限公司运营，是湖北省最权威的新闻网站，也是湖北地区最大的网络平台。"
"386","world.tmall.com","网站简介："
"387","mit.edu","网站简介：Admissionsinformation,eventscalendar,visitor'sinformationandnewsitems."
"388","engadget.com","网站简介：Engadget(瘾科技)是一个关于消费电子产品的流行科技网志与播客。该网志曾赢得数个奖项。现时Engadget拥有七个不同网站，全都以各自的员工同时地运作，以各自的语言覆盖全球不同地方的科技新闻。美国的Engadget网站于2006年8月25日发出第20,000个新闻。"
"389","techweb.com.cn","网站简介：揭示IT产业潜规则，报道IT产业资讯、综述和评论。"
"390","ftchinese.com","网站简介：有全球经济报道和专栏作家的财经点评。"
"391","quanmin.tv","网站简介："
"392","ceconline.com","网站简介：为中国经理人提供全方位管理资讯服务和互动平台。世界经理人网站与世界经理人杂志致力于引导职业经理人实现卓越管理。在这里,你可以找到切合中国实际的管理思想和经验。世界经理人论坛社区提供与卓越经理人交流的平台,推动中国管理与全球一流管理的实践接轨。"
"393","google.co.kr","网站简介：谷歌韩国"
"394","hrenh.com","网站简介："
"395","battlenet.com.cn","网站简介：暴雪公司与网易架设的游戏对战平台，提供游戏账户的绑定与管理服务。"
"396","jxnews.com.cn","网站简介：大江网由江西日报社主办，是江西新闻网户网站，提供江西新闻资讯。"
"397","binzhi.com","网站简介：宾至网是国内最大的垂直化商务社交平台，宾至网致力为商务人士的交流及各种需求提供最佳的解决方案，入驻宾至网的企业及个人用户已超过700万，人脉资源遍布全国40多个省市及海外东南亚地区，覆盖行业超过130个。宾至网是每一位商业人士满足商业需求、获得无限商机、实现商业价值和社会价值的必备名片。"
"398","pcgames.com.cn","网站简介：提供电子竞技、网络游戏、电玩、掌机、动漫资讯，游戏下载、视频、图库、公会和论坛。"
"399","javbus.com","网站简介："
"400","weibo.cn","网站简介："
"401","lofter.com","网站简介：LOFTER是网易2011年8月下旬推出的一款轻博客，并首次采用独立域名，口号为""专注兴趣，分享创作""。LOFTER一词是LOFT的引申。LOFT的意思是宽广开放的自由创作空间，而在这空间里专注兴趣，分享创作的人，自然就是LOFTER。现在，LOFTER被定义为有兴趣爱好，热爱创作、乐于展示自我的人，网易正是因此将轻博客命名为LOFTER，意在聚集此类人群。当代艺术家，潮流青年，视觉表达爱好者等等都是LOFTER的核心用户，强大的展示平台让每个作品都可以得到充分展示，绝对不会遗漏任何一"
"402","xueqiu.com","网站简介：雪球是全球化的投资交流平台，给投资者提供跨市场、跨品种的数据查询、新闻订阅和互动交流服务，目前已覆盖A股、港股、美股市场。"
"403","10086.cn","网站简介：中国移动通信集团公司（www.10086.cn）是中国规模最大的移动通信运营商，主要经营移动话音、数据、IP电话和多媒体业务，并具有计算机互联网国际联网单位经营权和国际出入口局业务经营权。"
"404","pc6.com","网站简介：PC6下载站（www.pc6.com）pc6软件下载全力打造中国绿色软件下载基地。每天更新大量官方软件及技术文章,是电脑爱好者最佳的软件官方下载场所。"
"405","imooc.com","网站简介：慕课网（IMOOC）是国内最大的IT技能学习平台。慕课网提供了丰富的移动端开发、php开发、web前端、android开发以及html5等视频教程资源公开课。并且富有交互性及趣味性，你还可以和朋友一起编程。"
"406","smartisan.com","网站简介："
"407","tower.im","网站简介：简单，好用的在线团队协作工具。"
"408","amazonaws.com","网站简介：AWS云服务-最专业的云计算服务以及云解决方案提供商"
"409","tiexue.net","网站简介：旗下设有军事论坛、军事书库、军事图库、军事Blog、军事社区、军事游戏的综合军事信息站。"
"410","nuomi.com","网站简介：糯米网，致力于通过团购的方式向消费者推荐高折扣的本地精品生活服务。"
"411","dell.com","网站简介：戴尔官方网站。戴尔（Dell），是一家总部位于美国德克萨斯州朗德罗克的世界五百强企业，由迈克尔·戴尔于1984年创立。"
"412","lotour.com","网站简介：乐途旅游网是专注于为个人旅游休闲消费服务的门户网站。她拥有最及时的旅游新闻资讯、最详尽的旅游目的地指南、最丰富的旅游产品超市、最活跃的旅游生活社区,为个人旅游消费者构建一个产品质优价廉、社区真实专业、媒体诚信可靠的第三方开放平台。"
"413","beva.com","网站简介：贝瓦网，为学龄前儿童创造追逐梦想的在线世界。让孩子在快乐中展现兴趣与天赋；在欢笑中培养爱好和技能；在知识中感知成长的乐趣。"
"414","yinxiang.com","网站简介："
"415","xitek.com","网站简介：影像生活门户网站,摄影网站，拥有活跃度极高的摄影论坛,提供高质量的摄影作品发布、图片讨论、摄影经验和摄影技巧的交流以及摄影器材购买和交易平台，发布权威的器材评测和产品资讯。此外还有汽车、越野车、音响、户外运动与装备等影像生活相关内容。"
"416","cr173.com","网站简介："
"417","popcash.net","网站简介：市场营销广告网站。"
"418","d1com.com","网站简介："
"419","cqcb.com","网站简介：24小时直播重庆生活，报纸记者全天发布网络首发新闻。重庆发行量最大都市报重庆晨报官方网站。"
"420","nicovideo.jp","网站简介：NicoVideo是日本知名的视频分享网站，其在视频播放中加载弹幕评论特点使其在日本飞速发展。"
"421","99114.com","网站简介：中国网库（www.99114.com）是全球企业间（B2B）行业电子商务平台,汇集海量供求信息,是全球领先的网上交易平台。拥有超过500万供应商的电子商务网站,是中国各类企业销售产品、拓展市场及网络推广的首选网站"
"422","eol.cn","网站简介：中国教育在线是中国最大的综合教育门户，主要发布高考、考研、自考、成人高考、教师招聘、就业、留学等权威的招考、招生、就业、招聘、复习、辅导信息，并设有校园、博客、外语、公务员、在职硕士、民校、考试书店等栏目。"
"423","ooopic.com","网站简介：从事图片交易，设计稿等创意作品交易的，目前有200多万用户，ip15万多"
"424","iteye.com","网站简介：一个JAVA软件开发交流社区"
"425","pps.tv","网站简介：PPS官方网站,PPS网络电视是全球第一家集P2P直播点播于一身的网络电视软件.能够在线收看电影电视剧、体育直播、游戏竞技、动漫、综艺、财经资讯……播放流畅、完全免费,是网民喜爱的装机必备软件."
"426","zxart.cn","网站简介：张雄艺术网，是面向全球综合中国艺术搜索、展览、收藏、拍卖、投资、鉴定等的著名艺术门户网站。"
"427","114so.cn","网站简介："
"428","36kr.com","网站简介：36氪是一个关注{互联网创业}的平台，旨在帮助互联网创业者实现创业梦。我们相信每个人都可以像来自氪星的超人那样强大无比。"
"429","weitainet.com","网站简介："
"430","salesforce.com","网站简介：Salesforce是创建于1999年3月的一家客户关系管理(CRM)软件服务提供商，总部设于美国旧金山，可提供随需应用的客户关系管理平台。MarcBenioff是现任董事会主席兼CEO。2004年6月，该公司在纽约证券交易所成功上市，股票代号CRM，筹资1.1亿美元。在《福布斯》全球最具创新力企业排行榜上Salesforce名列首位，而且连续第四年稳居宝座。"
"431","nyaa.se","网站简介：著名国外资源种子下载网站"
"432","kafan.cn","网站简介：提供以安全资讯、下载、教程的站点，并提供与安全相关的交流论坛。"
"433","78.cn","网站简介：78创业商机网（www.78.cn）是国内顶尖的品牌营销与创业致富平台,涵盖服饰、美容、家居、餐饮、环保等上万个2010最具潜力的小本创业商机，精心挑选了特色小吃、精品荟萃、专利技术、新奇特等近千个投资当天就赚钱的项目,让你一年翻身做个大富翁。"
"434","house365.com","网站简介：365地产家居网，南京房地产家居门户网站，提供最及时最全面的南京房地产新闻资讯，商品房,二手房,租赁,家居,建材信息,信息量最大的南京房地产网上市场，人气最旺盛的南京房地产论坛－华"
"435","tsinghua.edu.cn","网站简介：Informationonprograms,facilitiesandresearchprograms."
"436","shejis.com","网站简介：中国设计师网是面向专业工程技术人员（包括电气、暖通、给排水、自控、安防、照明等行业）解决其查询专业技术资料、产品选型、专业工具下载、同行交流等工作需求的网站；用户80%以上为专业技术人员，主要来自专业院所、施工单位、甲方、供应商等"
"437","pcauto.com.cn","网站简介：太平洋汽车网下设汽车报价,汽车评测,以及新闻、导购、维修、保养、安全、汽车论坛、自驾游、汽车休闲、汽车文化等方面的内容,为中国汽车排名第一的综合汽车网站,提供最权威,最全面的车型数据、参数、配置、报价、相关新闻和图片等。"
"438","godaddy.com","网站简介：GoDaddy是一家提供域名注册和互联网主机服务的美国公司，服务产品涉及域名主机领域基础业务：域名注册、虚拟主机、VPS、独立主机，以及域名主机领域的衍生业务：独立IP、SSL证书、网站建设、邮箱、相册、速成网站、加速搜索引擎收录、网站分析等。"
"439","makepolo.com","网站简介：马可波罗（www.makepolo.com）是全球最大、最专业、最精确的采购搜索引擎，是一家以采购需求为导向，通过深度数据挖掘匹配、人工智能干预筛选，使采购人员能在最短的时间内找到他们所需要的有价值信息。从而较大地提高了工作效率，使采购人员在最短的时间内以最低的成本，采购最好的产品及服务。"
"440","wikimedia.org","网站简介：WikiMedia是一个全球性质的运动，其使命是吧免费教育内容传播到世界各地，由吉米.威尔斯创办，旗下拥有维基百科全书、维基词典、维基语录、维基书籍、维基图书馆、维基新闻、维基社区、维基物种等16个平台。"
"441","uc.cn","网站简介：含软件下载、公司介绍、招聘信息、帮助。"
"442","7k7k.com","网站简介：7K7K小游戏,为您提供各种休闲小游戏,化妆小游戏,美女小游戏,迷你小游戏,换装等在线小游戏,另外包含了射击、动作、益智、体育、冒险、休闲小游戏等在线娱乐.送给你最愉快的游戏时光...."
"443","ip138.com","网站简介：含IP地址查询，手机归属地查询内容。"
"444","jd.hk","网站简介：京东香港，是京东商城在香港设立的分站。"
"445","win007.com","网站简介：查数据，上球探网！权威竞彩足球专家与您分享足球推荐、足球分析和竞彩推荐，强大的足球赔率、足球直播和足球比分直播与比赛同步，打造最专业的体育彩票数据门户"
"446","wm169.com","网站简介："
"447","coursera.org","网站简介：Socialentrepreneurshipcompanythatpartnerswithtopuniversitiesaroundtheworldtoofferfreecoursesonlineforanyonetotake.Includescoursesandlistofuniversities."
"448","ih5.cn","网站简介："
"449","800hr.com","网站简介：英才网联(www.800hr.com)是国内首家分行业专业人才招聘网站，致力于为国内企业与求职者提供分行业、精准化、专业化网络招聘服务。"
"450","rfi.fr","网站简介：RFIbroadcaststworldwidein19languagesandinternationalnewsupdatedeveryday.Siteprovidesprogramandfrequencyinformation."
"451","pinggu.org","网站简介：TheBestEconomicsBBSinChina"
"452","onlinedown.net","网站简介：华军软件园-提供国内外最新免费软件、共享软件下载及发布的软件下载站，软件资讯、技巧、评测、教程等相关软件资讯！"
"453","addthis.com","网站简介：Addthis是一个网络书签按钮聚合网站。Addthis网站允许你将书签存到网站上，并更进一步对这些书签的内容做处理。有些站长为了能让使用者方便地将站内文章加入社交书签的网站，于是在网页上放置相应链接，点击登陆后，即可将该篇文章快速加到这个书签网站上。"
"454","subhd.com","网站简介："
"455","weiyun.com","网站简介："
"456","pconline.com.cn","网站简介：太平洋电脑网是专业IT门户网站,为用户和经销商提供IT资讯和行情报价,涉及电脑,手机,数码产品,软件等."
"457","qcloud.com","网站简介：提供云计算、云数据、云运营等服务。"
"458","pku.edu.cn","网站简介：一所创于1898年的国立综合性大学，初名京师大学堂，于1912年改为现名。"
"459","ikea.com","网站简介：IKEA:瑞典宜家家具品牌是国际上著名的大型家具零售企业，1943年由英格瓦•坎普拉德创建于瑞典，宜家提供种类繁多、美观实用、老百姓买得起的家居用品。"
"460","jandan.net","网站简介：煎蛋以译介方式传播网络新鲜资讯。"
"461","ithome.com","网站简介：IT之家，软媒旗下站点，IT资讯、学院、资源下载一站式中文门户站点，即时的IT业界动态和紧跟潮流的数码时代资讯，让您轻松掌控IT人类的生活，Windows8、iPhone、iPad、Android、ChromeOS，手机、平板、电脑、智能电视一个都不能少。因为IT而存在，IT之家。"
"462","avmo.pw","网站简介："
"463","yingjiesheng.com","网站简介：专门面向中国应届生大学毕业生的求职招聘网站。"
"464","pixiv.net","网站简介：Pixiv新兴的日本同人画、插画作品分享站点，采用了web2.0的方式，每个参与者都有自己的主页并可以对作品评价打分。"
"465","12306.cn","网站简介：中国铁道部火车票网上订票唯一官网，是铁路服务客户的重要窗口，将集成全路客货运输信息，为社会和铁路客户提供客货运输业务和公共信息查询服务，火车票网上查询，网上订票的服务平台。"
"466","aicheren.com","网站简介：爱车人汽车网是国内首家为您提供个性化的、最新的汽车报价、汽车图片、车型资料、汽车论坛、汽车资讯、汽车试驾信息的汽车专业网站，为各位准车主、新车主、老车主提供全方位的爱车资讯。"
"467","jikexueyuan.com","网站简介：提供IT职业课程在线学习,包含Android,iOS,Flash,Java,Python,HTML5,Swift,Cocos2dx等视频教程."
"468","hc360.com","网站简介：依托互联网，提供线上和线下全面的商务资讯服务。"
"469","xdf.cn","网站简介：新东方网（www.xdf.cn）是新东方教育科技集团推出的一站式学习服务和互动交流的网络平台，内容涵盖学习规划、成长导航、选课报班、老师答问、在线咨询、网上测评、学习资讯、学员服务、互动社区等。等。"
"470","dragonparking.com","网站简介："
"471","verycd.com","网站简介：通过电驴软件分享电影、音乐、游戏、软件在内的各类资源。"
"472","python.org","网站简介：Officialsitefortheinterpreted,interactive,object-oriented,extensibleprogramminglanguage.Includesnews,documentation,freedownloads,anddeveloperinformation."
"473","ems.com.cn","网站简介：中国邮政集团公司直属全资公司，拥有航空和陆路运输网络，提供国际、国内、同城特快专递、代收货款业务。"
"474","dv37.com","网站简介：地纬商机网以创业投资人为服务核心，提供集连锁加盟、招商代理、生意转让、经营场地、投资互动社区为一体的诚信商业信息平台。网站为招商企业提供创新的管家式一条龙服务，更是为招商服务行业树立了新的标准，并成为中国最具诚信、最具权威的招商服务平台。"
"475","saraba1st.com","网站简介：游戏论坛网站"
"476","xvideos.com","网站简介：*"
"477","sunsu521.com","网站简介："
"478","d1ev.com","网站简介：第一电动网创立于2010年6月，以成长中的中国新能源汽车市场为依托，在全球范围内整合产业链资源，通过网络、会展、杂志等多媒体形态，推动全球新能源汽车市场的商业及信息交流。我们面向全球主要新能源汽车供应商、经销商和消费者，提供强大的产品及交易信息数据库服务，以及涉及政策、技术、市场三大方向的政策解读服务。在此基础上，我们的专业化团队将根据用户的需求，提供品牌、营销、投融资等定制化咨询服务。最后，我们将面向"
"479","zhangw8.com","网站简介："
"480","dropbox.com","网站简介：DropBox:免费云同步储存平台是目前世界上最受欢迎的文件存储和共享工具，2009年5月100万用户，2010年2月400万用户，而到了2011年4月已有了2500万用户，2011年10月，用户超4500万，用户的暴增预示了它不可阻挡的增长趋势。"
"481","android.com","网站简介：Officialsiteprovidesinformationforusers,developersandpartners.Includespressreleases,videos,screenshotsanddownloads."
"482","lesports.com","网站简介："
"483","3dwwwgame.com","网站简介："
"484","2cto.com","网站简介：集安全、系统网络、编程开发、网站建设等频道于一体的站点。"
"485","qyer.com","网站简介：最大的中文出境旅游网站和社区。网站拥有高质量的用户和用户贡献的内容（UGC），以游记，攻略，穷游锦囊见长。"
"486","xiaomi.cn","网站简介：小米社区是小米官网旗下小米手机粉丝交流社区，为500万小米手机粉丝提供众多分类内容。"
"487","wankr.com.cn","网站简介：玩客-中国第一手机游戏娱乐媒体，致力于中国手机游戏娱乐事业，汇聚最新最全面的卡牌游戏，安卓游戏，苹果游戏的下载、评测、攻略、活动、礼包，游戏资料内容。"
"488","19lou.com","网站简介：19楼（www.19lou.com），中国最大的本地生活交流与服务平台，致力于为各地用户提供便捷的生活交流空间和体贴的本地生活服务。"
"489","imagetwist.com","网站简介：FreeImageHosting,PhotoUploading,EarnMoneyByUploadingImages."
"490","yjbys.com","网站简介：为应届毕业生提供招聘会,全职,兼职,实习,宣讲会等信息"
"491","dfpan.com","网站简介："
"492","pengpeng.com","网站简介：碰碰网（www.pengpeng.com）中国领先的追星平台，华南区最大的音乐粉丝社区，人气最旺的粉丝团聚集地，为粉丝提供专业的明星资讯、粉丝家族交流平台，不定期组织明星见面会、歌友会、签售会，提供明星周边产品等服务"
"493","wanfangdata.com.cn","网站简介：万方数据知识服务平台-整合知识资源、促进知识传播、增值知识服务、助力知识创新。"
"494","gamedog.cn","网站简介："
"495","qidian.com","网站简介：优秀的中国原创文学门户网站，数万名网络作家在线写作博客，中国最大的在线电子图书出版平台，数百万文学爱好者的网上阅读交友社区，拥有奇幻、武侠、都市、言情、科幻等数十亿字原创文学作品，向作家提供原创文学作品网络和实体出版机会"
"496","xtube.com","网站简介：XTubeisthefirstadultcommunitytoofferthebestinonlineentertainmentwithfeaturessuchasphotoandvideosharing,socialnetworking,videoondemandandXTubewillevenpayyouinrealUSdollarstosellyourhome-madeadultphotosandvideosonXTube.com."
"497","liul.net","网站简介："
"498","livejournal.com","网站简介：LiveJournal是一个综合型SNS交友网站，有论坛，博客等功能，BradFitzpatrick始建于1999年4月15日，目的是为了与同学保持联系，之后发展为大型网络社区平台，是网友聚集的好地方，LJ支持多国语言，ALEXA综合排名84，日均访客可达6,288,000以上。"
"499","dailymail.co.uk","网站简介：国庆小报提供新闻，体育，娱乐和八字。"
"500","alibaba-inc.com","网站简介：阿里巴巴邮箱网站"
